date,profile,flag,T1,T2,T3,T4,T5,T6,T7,T1-T6 total
2012-02-01,conservative,-,8/8,1/1,1/1,2/2,3/3,2/2,-,17/17
2012-02-01,balanced,-,8/8,1/1,1/1,2/2,3/3,2/2,-,17/17
2012-02-01,growth,-,8/8,1/1,1/1,2/2,3/3,2/2,-,17/17
2020-03-02,conservative,-,8/8,1/1,1/1,2/2,3/3,2/2,-,17/17
2020-03-02,balanced,-,8/8,1/1,1/1,2/2,3/3,2/2,-,17/17
2020-03-02,growth,-,8/8,1/1,1/1,2/2,3/3,2/2,-,17/17
2022-06-01,conservative,-,8/8,1/1,1/1,2/2,3/3,2/2,-,17/17
2022-06-01,balanced,-,8/8,1/1,1/1,2/2,3/3,2/2,-,17/17
2022-06-01,growth,-,8/8,1/1,1/1,2/2,3/3,2/2,-,17/17
2024-12-02,conservative,-,8/8,1/1,1/1,2/2,3/3,2/2,-,17/17
2024-12-02,balanced,anchor (dev),8/8,1/1,1/1,2/2,3/3,2/2,-,17/17
2024-12-02,growth,-,8/8,1/1,1/1,2/2,3/3,2/2,-,17/17
**headline (11 cells)**,,,88/88,11/11,11/11,22/22,33/33,22/22,0/0,187/187
