date,profile,is_anchor,sentence_index,class,subclass,n_claims,t8_flagged,t8_violation,t8_evidence,qualitative_soft_observations,text
2012-02-01,conservative,False,0,claim-bearing,-,10,False,False,-,,"For the conservative profile on 2012-02-01, the advisor allocates 8.7% to SPY, 6.6% to QQQ, 2.2% to EFA, 1.8% to EEM, 42.0% to AGG, 31.5% to IEF, 4.4% to GLD and 2.7% to VNQ."
2012-02-01,conservative,False,1,claim-bearing,-,1,False,False,-,,AGG is the largest position in the portfolio.
2012-02-01,conservative,False,2,claim-bearing,-,2,False,False,-,,"The model forecasts a daily volatility of 0.21% for AGG, the lowest in the universe."
2012-02-01,conservative,False,3,claim-bearing,-,2,False,False,-,,"Compared with the classical benchmark, the advisor overweights IEF and reduces its exposure to SPY."
2012-02-01,conservative,False,4,no-claim,registered-verbatim,0,False,False,-,,The attributions decompose the advisor-versus-classical difference.
2012-02-01,conservative,False,5,claim-bearing,-,2,False,False,-,,"The largest single contribution to the SPY weight difference comes from the SPY forecast, at -4.9 percentage points."
2012-02-01,conservative,False,6,no-claim,boilerplate,0,False,False,-,,This explanation is generated automatically and is not financial advice.
2012-02-01,balanced,False,0,claim-bearing,-,10,False,False,-,,"For the balanced profile on 2012-02-01, the advisor allocates 10.3% to SPY, 8.2% to QQQ, 3.2% to EFA, 2.8% to EEM, 33.6% to AGG, 34.7% to IEF, 5.0% to GLD and 2.3% to VNQ."
2012-02-01,balanced,False,1,claim-bearing,-,1,False,False,-,,IEF is the largest position in the portfolio.
2012-02-01,balanced,False,2,claim-bearing,-,2,False,False,-,,"The model forecasts a daily volatility of 0.21% for AGG, the lowest in the universe."
2012-02-01,balanced,False,3,claim-bearing,-,2,False,False,-,,"Compared with the classical benchmark, the advisor overweights IEF and reduces its exposure to QQQ."
2012-02-01,balanced,False,4,no-claim,registered-verbatim,0,False,False,-,,The attributions decompose the advisor-versus-classical difference.
2012-02-01,balanced,False,5,claim-bearing,-,2,False,False,-,,"The largest single contribution to the IEF weight difference comes from the IEF forecast, at -4.3 percentage points."
2012-02-01,balanced,False,6,no-claim,boilerplate,0,False,False,-,,This explanation is generated automatically and is not financial advice.
2012-02-01,growth,False,0,claim-bearing,-,10,False,False,-,,"For the growth profile on 2012-02-01, the advisor allocates 12.1% to SPY, 9.9% to QQQ, 3.8% to EFA, 3.3% to EEM, 22.0% to AGG, 40.9% to IEF, 5.7% to GLD and 2.3% to VNQ."
2012-02-01,growth,False,1,claim-bearing,-,1,False,False,-,,IEF is the largest position in the portfolio.
2012-02-01,growth,False,2,claim-bearing,-,2,False,False,-,,"The model forecasts a daily volatility of 0.21% for AGG, the lowest in the universe."
2012-02-01,growth,False,3,claim-bearing,-,2,False,False,-,,"Compared with the classical benchmark, the advisor overweights IEF and reduces its exposure to QQQ."
2012-02-01,growth,False,4,no-claim,registered-verbatim,0,False,False,-,,The attributions decompose the advisor-versus-classical difference.
2012-02-01,growth,False,5,claim-bearing,-,2,False,False,-,,"The largest single contribution to the IEF weight difference comes from the IEF forecast, at -4.6 percentage points."
2012-02-01,growth,False,6,no-claim,boilerplate,0,False,False,-,,This explanation is generated automatically and is not financial advice.
2020-03-02,conservative,False,0,claim-bearing,-,10,False,False,-,,"For the conservative profile on 2020-03-02, the advisor allocates 5.4% to SPY, 4.6% to QQQ, 2.7% to EFA, 2.8% to EEM, 47.0% to AGG, 31.6% to IEF, 4.0% to GLD and 2.1% to VNQ."
2020-03-02,conservative,False,1,claim-bearing,-,1,False,False,-,,AGG is the largest position in the portfolio.
2020-03-02,conservative,False,2,claim-bearing,-,2,False,False,-,,"The model forecasts a daily volatility of 0.21% for AGG, the lowest in the universe."
2020-03-02,conservative,False,3,claim-bearing,-,2,False,False,-,,"Compared with the classical benchmark, the advisor overweights SPY and reduces its exposure to IEF."
2020-03-02,conservative,False,4,no-claim,registered-verbatim,0,False,False,-,,The attributions decompose the advisor-versus-classical difference.
2020-03-02,conservative,False,5,claim-bearing,-,2,False,False,-,,"The largest single contribution to the IEF weight difference comes from the AGG forecast, at -1.2 percentage points."
2020-03-02,conservative,False,6,no-claim,boilerplate,0,False,False,-,,This explanation is generated automatically and is not financial advice.
2020-03-02,balanced,False,0,claim-bearing,-,10,False,False,-,,"For the balanced profile on 2020-03-02, the advisor allocates 7.0% to SPY, 6.0% to QQQ, 4.2% to EFA, 4.1% to EEM, 39.3% to AGG, 31.6% to IEF, 5.7% to GLD and 2.2% to VNQ."
2020-03-02,balanced,False,1,claim-bearing,-,1,False,False,-,,AGG is the largest position in the portfolio.
2020-03-02,balanced,False,2,claim-bearing,-,2,False,False,-,,"The model forecasts a daily volatility of 0.21% for AGG, the lowest in the universe."
2020-03-02,balanced,False,3,claim-bearing,-,2,False,False,-,,"Compared with the classical benchmark, the advisor overweights SPY and reduces its exposure to IEF."
2020-03-02,balanced,False,4,no-claim,registered-verbatim,0,False,False,-,,The attributions decompose the advisor-versus-classical difference.
2020-03-02,balanced,False,5,claim-bearing,-,2,False,False,-,,"The largest single contribution to the IEF weight difference comes from the AGG forecast, at -1.0 percentage points."
2020-03-02,balanced,False,6,no-claim,boilerplate,0,False,False,-,,This explanation is generated automatically and is not financial advice.
2020-03-02,growth,False,0,claim-bearing,-,10,False,False,-,,"For the growth profile on 2020-03-02, the advisor allocates 8.9% to SPY, 7.8% to QQQ, 5.3% to EFA, 5.2% to EEM, 29.1% to AGG, 33.0% to IEF, 8.1% to GLD and 2.6% to VNQ."
2020-03-02,growth,False,1,claim-bearing,-,1,False,False,-,,IEF is the largest position in the portfolio.
2020-03-02,growth,False,2,claim-bearing,-,2,False,False,-,,"The model forecasts a daily volatility of 0.21% for AGG, the lowest in the universe."
2020-03-02,growth,False,3,claim-bearing,-,2,False,False,-,,"Compared with the classical benchmark, the advisor overweights SPY and reduces its exposure to IEF."
2020-03-02,growth,False,4,no-claim,registered-verbatim,0,False,False,-,,The attributions decompose the advisor-versus-classical difference.
2020-03-02,growth,False,5,claim-bearing,-,2,False,False,-,,"The largest single contribution to the IEF weight difference comes from the IEF forecast, at 1.0 percentage points."
2020-03-02,growth,False,6,no-claim,boilerplate,0,False,False,-,,This explanation is generated automatically and is not financial advice.
2022-06-01,conservative,False,0,claim-bearing,-,10,False,False,-,,"For the conservative profile on 2022-06-01, the advisor allocates 5.5% to SPY, 4.2% to QQQ, 2.9% to EFA, 2.8% to EEM, 42.5% to AGG, 29.9% to IEF, 8.8% to GLD and 3.4% to VNQ."
2022-06-01,conservative,False,1,claim-bearing,-,1,False,False,-,,AGG is the largest position in the portfolio.
2022-06-01,conservative,False,2,claim-bearing,-,2,False,False,-,,"The model forecasts a daily volatility of 0.30% for AGG, the lowest in the universe."
2022-06-01,conservative,False,3,claim-bearing,-,2,False,False,-,,"Compared with the classical benchmark, the advisor overweights AGG and reduces its exposure to GLD."
2022-06-01,conservative,False,4,no-claim,registered-verbatim,0,False,False,-,,The attributions decompose the advisor-versus-classical difference.
2022-06-01,conservative,False,5,claim-bearing,-,2,False,False,-,,"The largest single contribution to the AGG weight difference comes from the AGG forecast, at 11.4 percentage points."
2022-06-01,conservative,False,6,no-claim,boilerplate,0,False,False,-,,This explanation is generated automatically and is not financial advice.
2022-06-01,balanced,False,0,claim-bearing,-,10,False,False,-,,"For the balanced profile on 2022-06-01, the advisor allocates 8.1% to SPY, 6.3% to QQQ, 5.1% to EFA, 4.9% to EEM, 33.8% to AGG, 26.6% to IEF, 11.9% to GLD and 3.4% to VNQ."
2022-06-01,balanced,False,1,claim-bearing,-,1,False,False,-,,AGG is the largest position in the portfolio.
2022-06-01,balanced,False,2,claim-bearing,-,2,False,False,-,,"The model forecasts a daily volatility of 0.30% for AGG, the lowest in the universe."
2022-06-01,balanced,False,3,claim-bearing,-,2,False,False,-,,"Compared with the classical benchmark, the advisor overweights AGG and reduces its exposure to GLD."
2022-06-01,balanced,False,4,no-claim,registered-verbatim,0,False,False,-,,The attributions decompose the advisor-versus-classical difference.
2022-06-01,balanced,False,5,claim-bearing,-,2,False,False,-,,"The largest single contribution to the AGG weight difference comes from the AGG forecast, at 10.1 percentage points."
2022-06-01,balanced,False,6,no-claim,boilerplate,0,False,False,-,,This explanation is generated automatically and is not financial advice.
2022-06-01,growth,False,0,claim-bearing,-,10,False,False,-,,"For the growth profile on 2022-06-01, the advisor allocates 11.2% to SPY, 8.7% to QQQ, 6.8% to EFA, 6.7% to EEM, 23.8% to AGG, 22.5% to IEF, 16.4% to GLD and 4.0% to VNQ."
2022-06-01,growth,False,1,claim-bearing,-,1,False,False,-,,AGG is the largest position in the portfolio.
2022-06-01,growth,False,2,claim-bearing,-,2,False,False,-,,"The model forecasts a daily volatility of 0.30% for AGG, the lowest in the universe."
2022-06-01,growth,False,3,claim-bearing,-,2,False,False,-,,"Compared with the classical benchmark, the advisor overweights AGG and reduces its exposure to GLD."
2022-06-01,growth,False,4,no-claim,registered-verbatim,0,False,False,-,,The attributions decompose the advisor-versus-classical difference.
2022-06-01,growth,False,5,claim-bearing,-,2,False,False,-,,"The largest single contribution to the GLD weight difference comes from the AGG forecast, at -1.9 percentage points."
2022-06-01,growth,False,6,no-claim,boilerplate,0,False,False,-,,This explanation is generated automatically and is not financial advice.
2024-12-02,conservative,False,0,claim-bearing,-,10,False,False,-,,"For the conservative profile on 2024-12-02, the advisor allocates 9.3% to SPY, 8.0% to QQQ, 2.9% to EFA, 2.8% to EEM, 37.9% to AGG, 30.0% to IEF, 5.0% to GLD and 4.0% to VNQ."
2024-12-02,conservative,False,1,claim-bearing,-,1,False,False,-,,AGG is the largest position in the portfolio.
2024-12-02,conservative,False,2,claim-bearing,-,2,False,False,-,,"The model forecasts a daily volatility of 0.32% for AGG, the lowest in the universe."
2024-12-02,conservative,False,3,claim-bearing,-,2,False,False,-,,"Compared with the classical benchmark, the advisor overweights AGG and reduces its exposure to SPY."
2024-12-02,conservative,False,4,no-claim,registered-verbatim,0,False,False,-,,The attributions decompose the advisor-versus-classical difference.
2024-12-02,conservative,False,5,claim-bearing,-,2,False,False,-,,"The largest single contribution to the AGG weight difference comes from the AGG forecast, at 4.4 percentage points."
2024-12-02,conservative,False,6,no-claim,boilerplate,0,False,False,-,,This explanation is generated automatically and is not financial advice.
2024-12-02,balanced,True,0,claim-bearing,-,10,False,False,-,,"For the balanced profile on 2024-12-02, the advisor allocates 14.1% to SPY, 11.7% to QQQ, 6.0% to EFA, 5.5% to EEM, 28.3% to AGG, 23.5% to IEF, 5.8% to GLD and 4.9% to VNQ."
2024-12-02,balanced,True,1,claim-bearing,-,1,False,False,-,,AGG is the largest position in the portfolio.
2024-12-02,balanced,True,2,claim-bearing,-,2,False,False,-,,"The model forecasts a daily volatility of 0.32% for AGG, the lowest in the universe."
2024-12-02,balanced,True,3,claim-bearing,-,2,False,False,-,,"Compared with the classical benchmark, the advisor overweights AGG and reduces its exposure to SPY."
2024-12-02,balanced,True,4,no-claim,registered-verbatim,0,False,False,-,,The attributions decompose the advisor-versus-classical difference.
2024-12-02,balanced,True,5,claim-bearing,-,2,False,False,-,,"The largest single contribution to the AGG weight difference comes from the AGG forecast, at 3.7 percentage points."
2024-12-02,balanced,True,6,no-claim,boilerplate,0,False,False,-,,This explanation is generated automatically and is not financial advice.
2024-12-02,growth,False,0,claim-bearing,-,10,False,False,-,,"For the growth profile on 2024-12-02, the advisor allocates 19.4% to SPY, 15.9% to QQQ, 8.8% to EFA, 7.9% to EEM, 18.2% to AGG, 16.1% to IEF, 7.2% to GLD and 6.4% to VNQ."
2024-12-02,growth,False,1,claim-bearing,-,1,False,False,-,,SPY is the largest position in the portfolio.
2024-12-02,growth,False,2,claim-bearing,-,2,False,False,-,,"The model forecasts a daily volatility of 0.32% for AGG, the lowest in the universe."
2024-12-02,growth,False,3,claim-bearing,-,2,False,False,-,,"Compared with the classical benchmark, the advisor overweights AGG and reduces its exposure to SPY."
2024-12-02,growth,False,4,no-claim,registered-verbatim,0,False,False,-,,The attributions decompose the advisor-versus-classical difference.
2024-12-02,growth,False,5,claim-bearing,-,2,False,False,-,,"The largest single contribution to the AGG weight difference comes from the AGG forecast, at 2.7 percentage points."
2024-12-02,growth,False,6,no-claim,boilerplate,0,False,False,-,,This explanation is generated automatically and is not financial advice.
