cell_date,cell_profile,repeat,seq,purpose,prompt_chars,response_chars,i1_model_ok,i1_model_reported,i2_no_thinking_ok,i2_thinking_evidence,i3_done,i3_done_reason,i4_prompt_eval_count,i4_budget,i4_ok,wall_seconds,total_duration_ns,load_duration_ns,prompt_eval_duration_ns,eval_count,eval_duration_ns,eval_tokens_per_second
-,-,0,1,stage_c:warmup_discarded,2923,663,True,qwen3.5:9b,True,none,True,stop,768,7680,True,48.489,46430173300,425429400,12612725000,198,33324773000,5.9415
2012-02-01,conservative,1,2,stage_c:2012-02-01_conservative_rep1,2923,663,True,qwen3.5:9b,True,none,True,stop,768,7680,True,38.358,36333585100,381114500,184897000,198,35761099000,5.5367
2012-02-01,conservative,2,3,stage_c:2012-02-01_conservative_rep2,2923,663,True,qwen3.5:9b,True,none,True,stop,768,7680,True,33.705,31674483900,375134800,157757000,198,31135354000,6.3593
2012-02-01,conservative,3,4,stage_c:2012-02-01_conservative_rep3,2923,663,True,qwen3.5:9b,True,none,True,stop,768,7680,True,38.303,36269896100,392455900,210710000,198,35659849000,5.5525
2012-02-01,balanced,1,5,stage_c:2012-02-01_balanced_rep1,2920,660,True,qwen3.5:9b,True,none,True,stop,769,7680,True,53.578,51521726500,393548400,13992483000,199,37081835000,5.3665
2012-02-01,balanced,2,6,stage_c:2012-02-01_balanced_rep2,2920,660,True,qwen3.5:9b,True,none,True,stop,769,7680,True,39.135,37097773900,378977300,211586000,199,36500702000,5.4519
2012-02-01,balanced,3,7,stage_c:2012-02-01_balanced_rep3,2920,660,True,qwen3.5:9b,True,none,True,stop,769,7680,True,39.029,36967395700,404283400,227502000,199,36322013000,5.4788
2012-02-01,growth,1,8,stage_c:2012-02-01_growth_rep1,2918,658,True,qwen3.5:9b,True,none,True,stop,769,7680,True,53.137,51101777000,396540300,14060409000,199,36590679000,5.4385
2012-02-01,growth,2,9,stage_c:2012-02-01_growth_rep2,2918,658,True,qwen3.5:9b,True,none,True,stop,769,7680,True,38.792,36721965000,388788600,210395000,199,36113659000,5.5104
2012-02-01,growth,3,10,stage_c:2012-02-01_growth_rep3,2918,658,True,qwen3.5:9b,True,none,True,stop,769,7680,True,38.507,36459935300,378459800,197648000,199,35876843000,5.5468
2020-03-02,conservative,1,11,stage_c:2020-03-02_conservative_rep1,2923,663,True,qwen3.5:9b,True,none,True,stop,768,7680,True,51.660,49624066700,382471600,13962245000,198,35227219000,5.6207
2020-03-02,conservative,2,12,stage_c:2020-03-02_conservative_rep2,2923,663,True,qwen3.5:9b,True,none,True,stop,768,7680,True,38.849,36804892300,402202600,196699000,198,36197280000,5.4700
2020-03-02,conservative,3,13,stage_c:2020-03-02_conservative_rep3,2923,663,True,qwen3.5:9b,True,none,True,stop,768,7680,True,39.161,37116051500,386003800,219279000,198,36503273000,5.4242
2020-03-02,balanced,1,14,stage_c:2020-03-02_balanced_rep1,2919,659,True,qwen3.5:9b,True,none,True,stop,768,7680,True,53.531,51512818800,385710700,13849826000,198,37213313000,5.3207
2020-03-02,balanced,2,15,stage_c:2020-03-02_balanced_rep2,2919,659,True,qwen3.5:9b,True,none,True,stop,768,7680,True,38.477,36445762500,388104600,210016000,198,35839047000,5.5247
2020-03-02,balanced,3,16,stage_c:2020-03-02_balanced_rep3,2919,659,True,qwen3.5:9b,True,none,True,stop,768,7680,True,38.231,36209792500,396406300,208053000,198,35597675000,5.5622
2020-03-02,growth,1,17,stage_c:2020-03-02_growth_rep1,2916,656,True,qwen3.5:9b,True,none,True,stop,768,7680,True,52.378,50353095500,393421200,13816812000,198,36088424000,5.4865
2020-03-02,growth,2,18,stage_c:2020-03-02_growth_rep2,2916,656,True,qwen3.5:9b,True,none,True,stop,768,7680,True,38.207,36175924900,391587000,199518000,198,35579235000,5.5650
2020-03-02,growth,3,19,stage_c:2020-03-02_growth_rep3,2916,656,True,qwen3.5:9b,True,none,True,stop,768,7680,True,38.383,36363537700,380497500,206788000,198,35763670000,5.5363
2022-06-01,conservative,1,20,stage_c:2022-06-01_conservative_rep1,2923,663,True,qwen3.5:9b,True,none,True,stop,769,7680,True,52.945,50906771800,391878600,14180141000,199,36251489000,5.4894
2022-06-01,conservative,2,21,stage_c:2022-06-01_conservative_rep2,2923,663,True,qwen3.5:9b,True,none,True,stop,769,7680,True,38.872,36837952600,381382200,210094000,199,36233462000,5.4922
2022-06-01,conservative,3,22,stage_c:2022-06-01_conservative_rep3,2923,663,True,qwen3.5:9b,True,none,True,stop,769,7680,True,38.976,36951394900,392404000,208911000,199,36344012000,5.4755
2022-06-01,balanced,1,23,stage_c:2022-06-01_balanced_rep1,2920,660,True,qwen3.5:9b,True,none,True,stop,770,7680,True,52.750,50705437600,399165600,13899551000,200,36276946000,5.5131
2022-06-01,balanced,2,24,stage_c:2022-06-01_balanced_rep2,2920,660,True,qwen3.5:9b,True,none,True,stop,770,7680,True,38.780,36739797400,377843200,215325000,200,36138370000,5.5343
2022-06-01,balanced,3,25,stage_c:2022-06-01_balanced_rep3,2920,660,True,qwen3.5:9b,True,none,True,stop,770,7680,True,38.860,36833690000,380218400,206608000,200,36236235000,5.5193
2022-06-01,growth,1,26,stage_c:2022-06-01_growth_rep1,2919,659,True,qwen3.5:9b,True,none,True,stop,770,7680,True,54.172,52129543800,372117700,14159646000,200,37555914000,5.3254
2022-06-01,growth,2,27,stage_c:2022-06-01_growth_rep2,2919,659,True,qwen3.5:9b,True,none,True,stop,770,7680,True,39.070,37040279900,382568800,232762000,200,36418543000,5.4917
2022-06-01,growth,3,28,stage_c:2022-06-01_growth_rep3,2919,659,True,qwen3.5:9b,True,none,True,stop,770,7680,True,38.300,36273505400,381747300,191948000,200,35689783000,5.6038
2024-12-02,conservative,1,29,stage_c:2024-12-02_conservative_rep1,2922,662,True,qwen3.5:9b,True,none,True,stop,768,7680,True,49.566,47525341200,378587800,13835031000,198,33241059000,5.9565
2024-12-02,conservative,2,30,stage_c:2024-12-02_conservative_rep2,2922,662,True,qwen3.5:9b,True,none,True,stop,768,7680,True,39.785,37746389400,380196500,211365000,198,37145679000,5.3304
2024-12-02,conservative,3,31,stage_c:2024-12-02_conservative_rep3,2922,662,True,qwen3.5:9b,True,none,True,stop,768,7680,True,38.699,36657824600,379117100,238112000,198,36032272000,5.4951
2024-12-02,balanced,1,32,stage_c:2024-12-02_balanced_rep1,2920,660,True,qwen3.5:9b,True,none,True,stop,770,7680,True,40.483,38452020000,390325700,218548000,200,37758461000,5.2968
2024-12-02,balanced,2,33,stage_c:2024-12-02_balanced_rep2,2920,660,True,qwen3.5:9b,True,none,True,stop,770,7680,True,38.148,36100099400,370900000,212539000,200,35506438000,5.6328
2024-12-02,balanced,3,34,stage_c:2024-12-02_balanced_rep3,2920,660,True,qwen3.5:9b,True,none,True,stop,770,7680,True,37.750,35723861600,395816400,197002000,200,35124670000,5.6940
2024-12-02,growth,1,35,stage_c:2024-12-02_growth_rep1,2918,658,True,qwen3.5:9b,True,none,True,stop,770,7680,True,51.381,49355813400,375518300,13823815000,200,35087664000,5.7000
2024-12-02,growth,2,36,stage_c:2024-12-02_growth_rep2,2918,658,True,qwen3.5:9b,True,none,True,stop,770,7680,True,37.502,35466315200,383044200,202080000,200,34873691000,5.7350
2024-12-02,growth,3,37,stage_c:2024-12-02_growth_rep3,2918,658,True,qwen3.5:9b,True,none,True,stop,770,7680,True,37.960,35900113700,478319200,208736000,200,35203593000,5.6812
