stage,unit,arm,repeat,response_chars,sha256,identical_to_rep1
A_probe,registered_probe_prompt,-,1,495,0da353ea288fc5165e3bf5151aeba1f3c90696b03eac1127f18e8e644e1cc41a,True
A_probe,registered_probe_prompt,-,2,495,0da353ea288fc5165e3bf5151aeba1f3c90696b03eac1127f18e8e644e1cc41a,True
A_probe,registered_probe_prompt,-,3,495,0da353ea288fc5165e3bf5151aeba1f3c90696b03eac1127f18e8e644e1cc41a,True
C_evaluation,P-C1,A,1,49,6d158381e23f11fdd8c4b73cce8da5ec4953763907bf7a0fe416228c1fae7b50,True
C_evaluation,P-C1,A,2,49,6d158381e23f11fdd8c4b73cce8da5ec4953763907bf7a0fe416228c1fae7b50,True
C_evaluation,P-C1,A,3,49,6d158381e23f11fdd8c4b73cce8da5ec4953763907bf7a0fe416228c1fae7b50,True
C_evaluation,P-C2,A,1,56,0f669bb4c88729c4b6ea874281207fd494e76e21c17addfde18359cc3a7cf3b2,True
C_evaluation,P-C2,A,2,56,0f669bb4c88729c4b6ea874281207fd494e76e21c17addfde18359cc3a7cf3b2,True
C_evaluation,P-C2,A,3,56,0f669bb4c88729c4b6ea874281207fd494e76e21c17addfde18359cc3a7cf3b2,True
C_evaluation,P-C3,A,1,49,6d158381e23f11fdd8c4b73cce8da5ec4953763907bf7a0fe416228c1fae7b50,True
C_evaluation,P-C3,A,2,49,6d158381e23f11fdd8c4b73cce8da5ec4953763907bf7a0fe416228c1fae7b50,True
C_evaluation,P-C3,A,3,49,6d158381e23f11fdd8c4b73cce8da5ec4953763907bf7a0fe416228c1fae7b50,True
C_evaluation,P-B1,A,1,50,e3395b02ee2481aa4393342dc20ab23e2a3da419c1c326a66a85f3ade6853f7f,True
C_evaluation,P-B1,A,2,50,e3395b02ee2481aa4393342dc20ab23e2a3da419c1c326a66a85f3ade6853f7f,True
C_evaluation,P-B1,A,3,50,e3395b02ee2481aa4393342dc20ab23e2a3da419c1c326a66a85f3ade6853f7f,True
C_evaluation,P-B2,A,1,48,7d03e8134ec6fc12417a956b0901b5474306642f66352ab9853bd761f283403d,True
C_evaluation,P-B2,A,2,48,7d03e8134ec6fc12417a956b0901b5474306642f66352ab9853bd761f283403d,True
C_evaluation,P-B2,A,3,48,7d03e8134ec6fc12417a956b0901b5474306642f66352ab9853bd761f283403d,True
C_evaluation,P-B3,A,1,54,3d2e6b2b112d383861d8ad9332587e5789be4f1291be4485ceb64371de2877a8,True
C_evaluation,P-B3,A,2,54,3d2e6b2b112d383861d8ad9332587e5789be4f1291be4485ceb64371de2877a8,True
C_evaluation,P-B3,A,3,54,3d2e6b2b112d383861d8ad9332587e5789be4f1291be4485ceb64371de2877a8,True
C_evaluation,P-G1,A,1,55,c8a81210b7129c64176e329c48225c83367956a9a5d215424c883cf1c735e4df,True
C_evaluation,P-G1,A,2,55,c8a81210b7129c64176e329c48225c83367956a9a5d215424c883cf1c735e4df,True
C_evaluation,P-G1,A,3,55,c8a81210b7129c64176e329c48225c83367956a9a5d215424c883cf1c735e4df,True
C_evaluation,P-G2,A,1,48,202eb62602f5bd434644354ec902c0b4d5ae1b0340cb3437dd5e4c9927ca026b,True
C_evaluation,P-G2,A,2,48,202eb62602f5bd434644354ec902c0b4d5ae1b0340cb3437dd5e4c9927ca026b,True
C_evaluation,P-G2,A,3,48,202eb62602f5bd434644354ec902c0b4d5ae1b0340cb3437dd5e4c9927ca026b,True
C_evaluation,P-G3,A,1,51,4f749c57f9e799020b483fd75e5e1fac26fea731d1839b244b609c99793e1946,True
C_evaluation,P-G3,A,2,51,4f749c57f9e799020b483fd75e5e1fac26fea731d1839b244b609c99793e1946,True
C_evaluation,P-G3,A,3,51,4f749c57f9e799020b483fd75e5e1fac26fea731d1839b244b609c99793e1946,True
C_evaluation,P-X1,A,1,55,0dd6dffda215ff57b1ff5e9b213508c9c2d879c6ff36d4022ec9744cc80bf887,True
C_evaluation,P-X1,A,2,55,0dd6dffda215ff57b1ff5e9b213508c9c2d879c6ff36d4022ec9744cc80bf887,True
C_evaluation,P-X1,A,3,55,0dd6dffda215ff57b1ff5e9b213508c9c2d879c6ff36d4022ec9744cc80bf887,True
C_evaluation,P-X2,A,1,61,44cbb973c680d2d0632843362f6a0309082c14307876181abf2921dbba297cd0,True
C_evaluation,P-X2,A,2,61,44cbb973c680d2d0632843362f6a0309082c14307876181abf2921dbba297cd0,True
C_evaluation,P-X2,A,3,61,44cbb973c680d2d0632843362f6a0309082c14307876181abf2921dbba297cd0,True
C_evaluation,P-X3,A,1,59,7c839093316790dc795ff8a591c35c5838802c9f4205a0ec17e11e68aff26b60,True
C_evaluation,P-X3,A,2,59,7c839093316790dc795ff8a591c35c5838802c9f4205a0ec17e11e68aff26b60,True
C_evaluation,P-X3,A,3,59,7c839093316790dc795ff8a591c35c5838802c9f4205a0ec17e11e68aff26b60,True
C_evaluation,P-X4,A,1,59,7c839093316790dc795ff8a591c35c5838802c9f4205a0ec17e11e68aff26b60,True
C_evaluation,P-X4,A,2,59,7c839093316790dc795ff8a591c35c5838802c9f4205a0ec17e11e68aff26b60,True
C_evaluation,P-X4,A,3,59,7c839093316790dc795ff8a591c35c5838802c9f4205a0ec17e11e68aff26b60,True
C_evaluation,P-X5,A,1,55,c8a81210b7129c64176e329c48225c83367956a9a5d215424c883cf1c735e4df,True
C_evaluation,P-X5,A,2,55,c8a81210b7129c64176e329c48225c83367956a9a5d215424c883cf1c735e4df,True
C_evaluation,P-X5,A,3,55,c8a81210b7129c64176e329c48225c83367956a9a5d215424c883cf1c735e4df,True
C_evaluation,P-C1,B,1,12,c152d5bbb379c3f94e74801c6aa921fae55c8291acceb9d7c79cd7950bda0b12,True
C_evaluation,P-C1,B,2,12,c152d5bbb379c3f94e74801c6aa921fae55c8291acceb9d7c79cd7950bda0b12,True
C_evaluation,P-C1,B,3,12,c152d5bbb379c3f94e74801c6aa921fae55c8291acceb9d7c79cd7950bda0b12,True
C_evaluation,P-C2,B,1,7,c010d5892545f57eb436da32bec37ae1447993752c6decd63021c1b253fbeb28,True
C_evaluation,P-C2,B,2,7,c010d5892545f57eb436da32bec37ae1447993752c6decd63021c1b253fbeb28,True
C_evaluation,P-C2,B,3,7,c010d5892545f57eb436da32bec37ae1447993752c6decd63021c1b253fbeb28,True
C_evaluation,P-C3,B,1,12,c152d5bbb379c3f94e74801c6aa921fae55c8291acceb9d7c79cd7950bda0b12,True
C_evaluation,P-C3,B,2,12,c152d5bbb379c3f94e74801c6aa921fae55c8291acceb9d7c79cd7950bda0b12,True
C_evaluation,P-C3,B,3,12,c152d5bbb379c3f94e74801c6aa921fae55c8291acceb9d7c79cd7950bda0b12,True
C_evaluation,P-B1,B,1,8,c0905088ba5b80677849d4824f21b8b075ab49c6a7f58b5b84815ccd69f3b0a5,True
C_evaluation,P-B1,B,2,8,c0905088ba5b80677849d4824f21b8b075ab49c6a7f58b5b84815ccd69f3b0a5,True
C_evaluation,P-B1,B,3,8,c0905088ba5b80677849d4824f21b8b075ab49c6a7f58b5b84815ccd69f3b0a5,True
C_evaluation,P-B2,B,1,8,c0905088ba5b80677849d4824f21b8b075ab49c6a7f58b5b84815ccd69f3b0a5,True
C_evaluation,P-B2,B,2,8,c0905088ba5b80677849d4824f21b8b075ab49c6a7f58b5b84815ccd69f3b0a5,True
C_evaluation,P-B2,B,3,8,c0905088ba5b80677849d4824f21b8b075ab49c6a7f58b5b84815ccd69f3b0a5,True
C_evaluation,P-B3,B,1,8,c0905088ba5b80677849d4824f21b8b075ab49c6a7f58b5b84815ccd69f3b0a5,True
C_evaluation,P-B3,B,2,8,c0905088ba5b80677849d4824f21b8b075ab49c6a7f58b5b84815ccd69f3b0a5,True
C_evaluation,P-B3,B,3,8,c0905088ba5b80677849d4824f21b8b075ab49c6a7f58b5b84815ccd69f3b0a5,True
C_evaluation,P-G1,B,1,6,19c64195eb8f22c39b4bad63078823ddd82e6d61847b25f1f5b969be6c891661,True
C_evaluation,P-G1,B,2,6,19c64195eb8f22c39b4bad63078823ddd82e6d61847b25f1f5b969be6c891661,True
C_evaluation,P-G1,B,3,6,19c64195eb8f22c39b4bad63078823ddd82e6d61847b25f1f5b969be6c891661,True
C_evaluation,P-G2,B,1,6,19c64195eb8f22c39b4bad63078823ddd82e6d61847b25f1f5b969be6c891661,True
C_evaluation,P-G2,B,2,6,19c64195eb8f22c39b4bad63078823ddd82e6d61847b25f1f5b969be6c891661,True
C_evaluation,P-G2,B,3,6,19c64195eb8f22c39b4bad63078823ddd82e6d61847b25f1f5b969be6c891661,True
C_evaluation,P-G3,B,1,6,19c64195eb8f22c39b4bad63078823ddd82e6d61847b25f1f5b969be6c891661,True
C_evaluation,P-G3,B,2,6,19c64195eb8f22c39b4bad63078823ddd82e6d61847b25f1f5b969be6c891661,True
C_evaluation,P-G3,B,3,6,19c64195eb8f22c39b4bad63078823ddd82e6d61847b25f1f5b969be6c891661,True
C_evaluation,P-X1,B,1,8,c0905088ba5b80677849d4824f21b8b075ab49c6a7f58b5b84815ccd69f3b0a5,True
C_evaluation,P-X1,B,2,8,c0905088ba5b80677849d4824f21b8b075ab49c6a7f58b5b84815ccd69f3b0a5,True
C_evaluation,P-X1,B,3,8,c0905088ba5b80677849d4824f21b8b075ab49c6a7f58b5b84815ccd69f3b0a5,True
C_evaluation,P-X2,B,1,6,19c64195eb8f22c39b4bad63078823ddd82e6d61847b25f1f5b969be6c891661,True
C_evaluation,P-X2,B,2,6,19c64195eb8f22c39b4bad63078823ddd82e6d61847b25f1f5b969be6c891661,True
C_evaluation,P-X2,B,3,6,19c64195eb8f22c39b4bad63078823ddd82e6d61847b25f1f5b969be6c891661,True
C_evaluation,P-X3,B,1,7,c010d5892545f57eb436da32bec37ae1447993752c6decd63021c1b253fbeb28,True
C_evaluation,P-X3,B,2,7,c010d5892545f57eb436da32bec37ae1447993752c6decd63021c1b253fbeb28,True
C_evaluation,P-X3,B,3,7,c010d5892545f57eb436da32bec37ae1447993752c6decd63021c1b253fbeb28,True
C_evaluation,P-X4,B,1,7,c010d5892545f57eb436da32bec37ae1447993752c6decd63021c1b253fbeb28,True
C_evaluation,P-X4,B,2,7,c010d5892545f57eb436da32bec37ae1447993752c6decd63021c1b253fbeb28,True
C_evaluation,P-X4,B,3,7,c010d5892545f57eb436da32bec37ae1447993752c6decd63021c1b253fbeb28,True
C_evaluation,P-X5,B,1,7,c010d5892545f57eb436da32bec37ae1447993752c6decd63021c1b253fbeb28,True
C_evaluation,P-X5,B,2,7,c010d5892545f57eb436da32bec37ae1447993752c6decd63021c1b253fbeb28,True
C_evaluation,P-X5,B,3,7,c010d5892545f57eb436da32bec37ae1447993752c6decd63021c1b253fbeb28,True
