seq,purpose,prompt_chars,response_chars,i1_model_ok,i1_model_reported,i2_no_thinking_ok,i2_thinking_evidence,i3_done,i3_done_reason,i4_prompt_eval_count,i4_budget,i4_ok,wall_seconds,total_duration_ns,load_duration_ns,prompt_eval_duration_ns,eval_count,eval_duration_ns,eval_tokens_per_second
1,stage_b:warmup_discarded,72,495,True,qwen3.5:9b,True,none,True,stop,24,8064,True,12.408,10380126000,609068500,169750000,81,9594766000,8.4421
2,stage_b:arm_a:D1:iter1,1737,48,True,qwen3.5:9b,True,none,True,stop,454,8064,True,12.583,10532306500,386937600,7265309000,25,2873823000,8.6992
3,stage_b:arm_a:D2:iter1,1699,52,True,qwen3.5:9b,True,none,True,stop,447,8064,True,12.366,10320782100,338302500,7090237000,25,2873396000,8.7005
4,stage_b:arm_a:D3:iter1,1707,55,True,qwen3.5:9b,True,none,True,stop,450,8064,True,12.487,10451358100,338609800,7104391000,26,2985883000,8.7076
5,stage_b:arm_b:D1:iter1,2092,12,True,qwen3.5:9b,True,none,True,stop,483,8064,True,10.215,8157621900,342126600,7555001000,3,239128000,12.5456
6,stage_b:arm_b:D2:iter1,2054,8,True,qwen3.5:9b,True,none,True,stop,476,8064,True,10.174,8133708700,333495300,7673886000,2,120031000,16.6624
7,stage_b:arm_b:D3:iter1,2062,6,True,qwen3.5:9b,True,none,True,stop,479,8064,True,10.185,8172334900,338905200,7709214000,2,118736000,16.8441
1,stage_b:warmup_discarded,72,495,True,qwen3.5:9b,True,none,True,stop,24,8064,True,24.156,22110082000,12117332900,480488000,81,9496087000,8.5298
2,stage_b:arm_a:D4:iter2,1781,56,True,qwen3.5:9b,True,none,True,stop,465,8064,True,12.798,10746882400,365094200,7449694000,25,2905248000,8.6051
3,stage_b:arm_b:D4:iter2,2136,7,True,qwen3.5:9b,True,none,True,stop,494,8064,True,10.643,8602790900,347860700,7992434000,3,234567000,12.7895
1,stage_b:warmup_discarded,72,495,True,qwen3.5:9b,True,none,True,stop,24,8064,True,13.826,11779756800,353573700,503968000,81,10897774000,7.4327
2,stage_b:arm_a:D1:iter3,1994,48,True,qwen3.5:9b,True,none,True,stop,507,8064,True,14.547,12488108900,368424700,9011728000,25,3101586000,8.0604
3,stage_b:arm_a:D2:iter3,1956,52,True,qwen3.5:9b,True,none,True,stop,500,8064,True,13.577,11534620800,359428000,8273100000,25,2868455000,8.7155
4,stage_b:arm_a:D3:iter3,1964,55,True,qwen3.5:9b,True,none,True,stop,503,8064,True,13.860,11818077700,404047600,8234761000,26,3149129000,8.2563
5,stage_b:arm_a:D4:iter3,2038,56,True,qwen3.5:9b,True,none,True,stop,518,8064,True,13.987,11930575500,355883000,8568824000,25,2971586000,8.4130
6,stage_b:arm_b:D1:iter3,2092,12,True,qwen3.5:9b,True,none,True,stop,483,8064,True,10.301,8249178800,367692500,7608421000,3,235278000,12.7509
7,stage_b:arm_b:D2:iter3,2054,8,True,qwen3.5:9b,True,none,True,stop,476,8064,True,10.014,7950848700,342401700,7486662000,2,115873000,17.2603
8,stage_b:arm_b:D3:iter3,2062,6,True,qwen3.5:9b,True,none,True,stop,479,8064,True,10.361,8337345100,343559900,7869325000,2,119540000,16.7308
9,stage_b:arm_b:D4:iter3,2136,7,True,qwen3.5:9b,True,none,True,stop,494,8064,True,10.605,8579967400,357958800,7976309000,3,240073000,12.4962
1,stage_b:warmup_discarded,72,495,True,qwen3.5:9b,True,none,True,stop,24,8064,True,12.588,10516797500,365274400,506210000,81,9625139000,8.4155
2,stage_b:arm_a:D1:iter4,2324,48,True,qwen3.5:9b,True,none,True,stop,582,8064,True,14.912,12851560300,355812500,9586917000,25,2895225000,8.6349
3,stage_b:arm_a:D2:iter4,2286,52,True,qwen3.5:9b,True,none,True,stop,575,8064,True,14.638,12588825300,343327700,9372967000,25,2852655000,8.7638
4,stage_b:arm_a:D3:iter4,2294,55,True,qwen3.5:9b,True,none,True,stop,578,8064,True,14.966,12933559400,352911400,9503677000,26,3057030000,8.5050
5,stage_b:arm_a:D4:iter4,2368,59,True,qwen3.5:9b,True,none,True,stop,593,8064,True,15.013,12973779200,348616900,9709841000,25,2895021000,8.6355
6,stage_b:arm_b:D1:iter4,2092,12,True,qwen3.5:9b,True,none,True,stop,483,8064,True,10.417,8397043900,349180800,7775219000,3,241572000,12.4187
7,stage_b:arm_b:D2:iter4,2054,8,True,qwen3.5:9b,True,none,True,stop,476,8064,True,10.205,8155261300,361252600,7668436000,2,119652000,16.7151
8,stage_b:arm_b:D3:iter4,2062,6,True,qwen3.5:9b,True,none,True,stop,479,8064,True,10.435,8379792400,351293300,7898770000,2,120353000,16.6178
9,stage_b:arm_b:D4:iter4,2136,7,True,qwen3.5:9b,True,none,True,stop,494,8064,True,10.528,8443605700,341013700,7859352000,3,237972000,12.6065
