run,target,arch,layers,hidden,dropout,params,seed,val_rmse,val_mae,val_r,val_std_ratio,skill,epochs,best_epoch,wall_s
T1xA1,T1,A1,1,32,0.0,5153,42,0.0031219536196546082,0.0022920210056760447,0.8168909555800549,0.8194776559332965,0.11896448222425904,11,1,9.0
T2xA2,T2,A2,1,64,0.2,18497,42,0.003123491806691386,0.002250839589687619,0.8200274831213092,0.8523044349637873,0.11853039588682868,18,8,19.9
T1xA2,T1,A2,1,64,0.2,18497,42,0.0031503175431997674,0.0023112755902511034,0.8092513498368226,0.8230851158953443,0.110959999419186,11,1,12.3
T2xA4,T2,A4,1,128,0.3,69761,42,0.0031556475667703257,0.002273660378691606,0.8157436672666473,0.8926355857277568,0.10945583226991129,18,8,50.7
T1xA4,T1,A4,1,128,0.3,69761,42,0.003211938020875745,0.0023248060117457775,0.8023753470281673,0.8424428321352907,0.09357030179105486,11,1,25.7
T2xA3,T2,A3,2,64,0.2,51777,42,0.0032152384059048805,0.0023037103849403813,0.8098105055763553,0.8920956259243094,0.09263891177465677,18,8,56.5
T2xA1,T2,A1,1,32,0.0,5153,42,0.0032194091081150615,0.002316825224620361,0.8090856003788354,0.8377817071906707,0.09146191261678915,14,4,8.9
T3xA1,T3,A1,1,32,0.0,5153,42,0.003230006205294179,0.00234375828576996,0.8043557501405963,0.8293164581911134,0.08847134320494876,19,9,11.5
T3xA3,T3,A3,2,64,0.2,51777,42,0.0032364573290942556,0.0023536706251890303,0.813981345499435,0.7778443781495559,0.08665079431477507,13,3,37.8
T3xA4,T3,A4,1,128,0.3,69761,42,0.0032795824453928585,0.002356957287060192,0.8082739634246103,0.786890386666637,0.07448060737539253,13,3,31.1
T3xA2,T3,A2,1,64,0.2,18497,42,0.0033027034783602196,0.0023659626552673574,0.8087596104341493,0.7754472662212937,0.06795570222508385,12,2,13.4
T1xA3,T1,A3,2,64,0.2,51777,42,0.003342106128026659,0.0024201215591853407,0.788985686778885,0.8605232210222946,0.05683601946232464,11,1,33.1
persistence,-,-,,,,,,0.003543504837961903,0.0025830856197616436,0.7811475481024399,0.9983551837636984,0.0,,,
