date,profile,feature,output,phi
2012-02-01,conservative,SPY,SPY,-0.04942004733407641
2012-02-01,conservative,SPY,QQQ,0.004345978934709864
2012-02-01,conservative,SPY,EFA,0.0012270599260484475
2012-02-01,conservative,SPY,EEM,0.0009862648128240187
2012-02-01,conservative,SPY,AGG,0.022295256725831183
2012-02-01,conservative,SPY,IEF,0.01657995788619336
2012-02-01,conservative,SPY,GLD,0.0023152387505182984
2012-02-01,conservative,SPY,VNQ,0.001670290297951254
2012-02-01,conservative,QQQ,SPY,0.0048201489290323404
2012-02-01,conservative,QQQ,QQQ,-0.04396587325536551
2012-02-01,conservative,QQQ,EFA,0.0010655631310036212
2012-02-01,conservative,QQQ,EEM,0.0008565399870032823
2012-02-01,conservative,QQQ,AGG,0.019362916544564523
2012-02-01,conservative,QQQ,IEF,0.014399715927938981
2012-02-01,conservative,QQQ,GLD,0.002010846817956281
2012-02-01,conservative,QQQ,VNQ,0.001450141917866506
2012-02-01,conservative,EFA,SPY,0.0006842642340222637
2012-02-01,conservative,EFA,QQQ,0.0005353320033884058
2012-02-01,conservative,EFA,EFA,-0.006637785498840719
2012-02-01,conservative,EFA,EEM,0.00012186384109777733
2012-02-01,conservative,EFA,AGG,0.002755013565634748
2012-02-01,conservative,EFA,IEF,0.002049157898049464
2012-02-01,conservative,EFA,GLD,0.000286200914687783
2012-02-01,conservative,EFA,VNQ,0.00020595304196026064
2012-02-01,conservative,EEM,SPY,0.0004112282774494099
2012-02-01,conservative,EEM,QQQ,0.00032171402489514185
2012-02-01,conservative,EEM,EFA,9.107149280237631e-05
2012-02-01,conservative,EEM,EEM,-0.004007472588677072
2012-02-01,conservative,EEM,AGG,0.001655953591570585
2012-02-01,conservative,EEM,IEF,0.0012316981220881805
2012-02-01,conservative,EEM,GLD,0.00017203017623228104
2012-02-01,conservative,EEM,VNQ,0.00012377690363910118
2012-02-01,conservative,AGG,SPY,0.008917268995903367
2012-02-01,conservative,AGG,QQQ,0.006982114531286872
2012-02-01,conservative,AGG,EFA,0.0019680096394672766
2012-02-01,conservative,AGG,EEM,0.001581133475795309
2012-02-01,conservative,AGG,AGG,-0.05241630033950785
2012-02-01,conservative,AGG,IEF,0.02657566901086086
2012-02-01,conservative,AGG,GLD,0.0037105466801749263
2012-02-01,conservative,AGG,VNQ,0.002681558006019265
2012-02-01,conservative,IEF,SPY,0.005935535453652919
2012-02-01,conservative,IEF,QQQ,0.004646088167550596
2012-02-01,conservative,IEF,EFA,0.0013115394846066964
2012-02-01,conservative,IEF,EEM,0.001054114534747344
2012-02-01,conservative,IEF,AGG,0.02382893545140062
2012-02-01,conservative,IEF,IEF,-0.04103613034709935
2012-02-01,conservative,IEF,GLD,0.002474428468895773
2012-02-01,conservative,IEF,VNQ,0.0017854887862453952
2012-02-01,conservative,GLD,SPY,0.00073208796174812
2012-02-01,conservative,GLD,QQQ,0.0005727496647148813
2012-02-01,conservative,GLD,EFA,0.00016210868262709607
2012-02-01,conservative,GLD,EEM,0.00013037762674406397
2012-02-01,conservative,GLD,AGG,0.0029474859596617282
2012-02-01,conservative,GLD,IEF,0.0021923130913675385
2012-02-01,conservative,GLD,GLD,-0.006957469166155082
2012-02-01,conservative,GLD,VNQ,0.00022034617929163073
2012-02-01,conservative,VNQ,SPY,0.0014773619910148947
2012-02-01,conservative,VNQ,QQQ,0.0011559023136858814
2012-02-01,conservative,VNQ,EFA,0.00032703769427717657
2012-02-01,conservative,VNQ,EEM,0.0002629982584372759
2012-02-01,conservative,VNQ,AGG,0.005945612349898047
2012-02-01,conservative,VNQ,IEF,0.004422167336547281
2012-02-01,conservative,VNQ,GLD,0.0006176144628516015
2012-02-01,conservative,VNQ,VNQ,-0.014208694406712172
2012-02-01,balanced,SPY,SPY,-0.0566160215355372
2012-02-01,balanced,SPY,QQQ,0.006289821308176677
2012-02-01,balanced,SPY,EFA,0.0020644347296003424
2012-02-01,balanced,SPY,EEM,0.001736484442703391
2012-02-01,balanced,SPY,AGG,0.020708576640043195
2012-02-01,balanced,SPY,IEF,0.02116515400181691
2012-02-01,balanced,SPY,GLD,0.0030025023775412706
2012-02-01,balanced,SPY,VNQ,0.0016490480356554447
2012-02-01,balanced,QQQ,SPY,0.006980202111236435
2012-02-01,balanced,QQQ,QQQ,-0.05344736750003703
2012-02-01,balanced,QQQ,EFA,0.0019059985697373713
2012-02-01,balanced,QQQ,EEM,0.0016033195673879703
2012-02-01,balanced,QQQ,AGG,0.01912063186433984
2012-02-01,balanced,QQQ,IEF,0.019542572684464604
2012-02-01,balanced,QQQ,GLD,0.0027723775933011295
2012-02-01,balanced,QQQ,VNQ,0.0015222651095697117
2012-02-01,balanced,EFA,SPY,0.0011502510902733245
2012-02-01,balanced,EFA,QQQ,0.0009562128269553992
2012-02-01,balanced,EFA,EFA,-0.009470133091270014
2012-02-01,balanced,EFA,EEM,0.00026491967044606267
2012-02-01,balanced,EFA,AGG,0.003159561275154913
2012-02-01,balanced,EFA,IEF,0.0032299030618904755
2012-02-01,balanced,EFA,GLD,0.000458295955011522
2012-02-01,balanced,EFA,VNQ,0.0002509892115383016
2012-02-01,balanced,EEM,SPY,0.0007233437259100658
2012-02-01,balanced,EEM,QQQ,0.0006012986242325351
2012-02-01,balanced,EEM,EFA,0.00019794932869566593
2012-02-01,balanced,EEM,EEM,-0.005987608337486976
2012-02-01,balanced,EEM,AGG,0.0019873166531746934
2012-02-01,balanced,EEM,IEF,0.002031588080114534
2012-02-01,balanced,EEM,GLD,0.0002882693055095094
2012-02-01,balanced,EEM,VNQ,0.000157842619849997
2012-02-01,balanced,AGG,SPY,0.00826778694816525
2012-02-01,balanced,AGG,QQQ,0.006877311008776338
2012-02-01,balanced,AGG,EFA,0.002256564243723909
2012-02-01,balanced,AGG,EEM,0.001897945625780641
2012-02-01,balanced,AGG,AGG,-0.04751635996707851
2012-02-01,balanced,AGG,IEF,0.023132410656661825
2012-02-01,balanced,AGG,GLD,0.003281498585390016
2012-02-01,balanced,AGG,VNQ,0.0018028428985805262
2012-02-01,balanced,IEF,SPY,0.007567311880563962
2012-02-01,balanced,IEF,QQQ,0.006294263261254899
2012-02-01,balanced,IEF,EFA,0.002065887862233628
2012-02-01,balanced,IEF,EEM,0.0017377056281038298
2012-02-01,balanced,IEF,AGG,0.020723138723930373
2012-02-01,balanced,IEF,IEF,-0.043043131180128355
2012-02-01,balanced,IEF,GLD,0.0030046128130312025
2012-02-01,balanced,IEF,VNQ,0.0016502110110104768
2012-02-01,balanced,GLD,SPY,0.0009484173354375693
2012-02-01,balanced,GLD,QQQ,0.0007884130246755543
2012-02-01,balanced,GLD,EFA,0.0002595222952538886
2012-02-01,balanced,GLD,EEM,0.00021845481660518265
2012-02-01,balanced,GLD,AGG,0.0026054064538612075
2012-02-01,balanced,GLD,IEF,0.002663426793046149
2012-02-01,balanced,GLD,GLD,-0.007690592918191432
2012-02-01,balanced,GLD,VNQ,0.00020695219931186323
2012-02-01,balanced,VNQ,SPY,0.0014568331373052091
2012-02-01,balanced,VNQ,QQQ,0.0012111092690141772
2012-02-01,balanced,VNQ,EFA,0.00039857246529940234
2012-02-01,balanced,VNQ,EEM,0.0003354823105376072
2012-02-01,balanced,VNQ,AGG,0.004001113128042237
2012-02-01,balanced,VNQ,IEF,0.004090146469033792
2012-02-01,balanced,VNQ,GLD,0.0005803513568435133
2012-02-01,balanced,VNQ,VNQ,-0.012073608136075931
2012-02-01,growth,SPY,SPY,-0.06479643003622029
2012-02-01,growth,SPY,QQQ,0.008795300692309025
2012-02-01,growth,SPY,EFA,0.002833420478004857
2012-02-01,growth,SPY,EEM,0.002420035137385121
2012-02-01,growth,SPY,AGG,0.015835311090523677
2012-02-01,growth,SPY,IEF,0.02899227110673079
2012-02-01,growth,SPY,GLD,0.004004664572399433
2012-02-01,growth,SPY,VNQ,0.0019154269588674262
2012-02-01,growth,QQQ,SPY,0.009764115622637093
2012-02-01,growth,QQQ,QQQ,-0.06252199175024382
2012-02-01,growth,QQQ,EFA,0.0026691559064029296
2012-02-01,growth,QQQ,EEM,0.002279865319078915
2012-02-01,growth,QQQ,AGG,0.01491821139829525
2012-02-01,growth,QQQ,IEF,0.027313633703461116
2012-02-01,growth,QQQ,GLD,0.0037728644138945535
2012-02-01,growth,QQQ,VNQ,0.001804145386473951
2012-02-01,growth,EFA,SPY,0.0015771636917611903
2012-02-01,growth,EFA,QQQ,0.0013371926156458419
2012-02-01,growth,EFA,EFA,-0.011032495746225106
2012-02-01,growth,EFA,EEM,0.00036945596520018836
2012-02-01,growth,EFA,AGG,0.0024177284126865946
2012-02-01,growth,EFA,IEF,0.004427604168099565
2012-02-01,growth,EFA,GLD,0.0006117364085097207
2012-02-01,growth,EFA,VNQ,0.0002916144843220003
2012-02-01,growth,EEM,SPY,0.0010070424581169648
2012-02-01,growth,EEM,QQQ,0.0008537806975960466
2012-02-01,growth,EEM,EFA,0.00027601783498561633
2012-02-01,growth,EEM,EEM,-0.007085663249323928
2012-02-01,growth,EEM,AGG,0.0015441134948308852
2012-02-01,growth,EEM,IEF,0.0028277938026169186
2012-02-01,growth,EEM,GLD,0.0003907061113715357
2012-02-01,growth,EEM,VNQ,0.00018620884980594823
2012-02-01,growth,AGG,SPY,0.0063113035933480815
2012-02-01,growth,AGG,QQQ,0.005352911544265506
2012-02-01,growth,AGG,EFA,0.001727081079561299
2012-02-01,growth,AGG,EEM,0.001475670333378668
2012-02-01,growth,AGG,AGG,-0.03615743678800285
2012-02-01,growth,AGG,IEF,0.017681376897276647
2012-02-01,growth,AGG,GLD,0.0024425985903441553
2012-02-01,growth,AGG,VNQ,0.0011664947498285394
2012-02-01,growth,IEF,SPY,0.01035131050397452
2012-02-01,growth,IEF,QQQ,0.008782063178483807
2012-02-01,growth,IEF,EFA,0.002829172543032257
2012-02-01,growth,IEF,EEM,0.0024164105593189465
2012-02-01,growth,IEF,AGG,0.0158115981982936
2012-02-01,growth,IEF,IEF,-0.04610177458135787
2012-02-01,growth,IEF,GLD,0.003998670715424352
2012-02-01,growth,IEF,VNQ,0.0019125488828304383
2012-02-01,growth,GLD,SPY,0.0012636085603375607
2012-02-01,growth,GLD,QQQ,0.0010713204141254676
2012-02-01,growth,GLD,EFA,0.0003463123998177715
2012-02-01,growth,GLD,EEM,0.0002960414305693323
2012-02-01,growth,GLD,AGG,0.0019373095454119343
2012-02-01,growth,GLD,IEF,0.0035478383543734353
2012-02-01,growth,GLD,GLD,-0.008696075434552673
2012-02-01,growth,GLD,VNQ,0.00023364472991717737
2012-02-01,growth,VNQ,SPY,0.0016904386791587649
2012-02-01,growth,VNQ,QQQ,0.0014332444964480398
2012-02-01,growth,VNQ,EFA,0.00046323260088784144
2012-02-01,growth,VNQ,EEM,0.0003959731935618449
2012-02-01,growth,VNQ,AGG,0.0025912549015602512
2012-02-01,growth,VNQ,IEF,0.004745368784445495
2012-02-01,growth,VNQ,GLD,0.0006556379533178486
2012-02-01,growth,VNQ,VNQ,-0.01197515060938008
2020-03-02,conservative,SPY,SPY,0.014940907690630254
2020-03-02,conservative,SPY,QQQ,-0.0006351872684629478
2020-03-02,conservative,SPY,EFA,-0.00041332897512287803
2020-03-02,conservative,SPY,EEM,-0.0004361733295902061
2020-03-02,conservative,SPY,AGG,-0.0074310279576835754
2020-03-02,conservative,SPY,IEF,-0.005100034246277194
2020-03-02,conservative,SPY,GLD,-0.0006175253062761833
2020-03-02,conservative,SPY,VNQ,-0.000307630607217249
2020-03-02,conservative,QQQ,SPY,-0.0006944001954017887
2020-03-02,conservative,QQQ,QQQ,0.013834855455631493
2020-03-02,conservative,QQQ,EFA,-0.00037965810127543184
2020-03-02,conservative,QQQ,EEM,-0.00040064300795606555
2020-03-02,conservative,QQQ,AGG,-0.006825727369015598
2020-03-02,conservative,QQQ,IEF,-0.0046846421409566545
2020-03-02,conservative,QQQ,GLD,-0.0005672203124232871
2020-03-02,conservative,QQQ,VNQ,-0.0002825643286026545
2020-03-02,conservative,EFA,SPY,-0.00014683729179170948
2020-03-02,conservative,EFA,QQQ,-0.00012336096545402574
2020-03-02,conservative,EFA,EFA,0.0029698857779152433
2020-03-02,conservative,EFA,EEM,-8.475651148783929e-05
2020-03-02,conservative,EFA,AGG,-0.0014440344390186358
2020-03-02,conservative,EFA,IEF,-0.0009911403839915913
2020-03-02,conservative,EFA,GLD,-0.000119992480707852
2020-03-02,conservative,EFA,VNQ,-5.97637054635874e-05
2020-03-02,conservative,EEM,SPY,-0.00013006512262188203
2020-03-02,conservative,EEM,QQQ,-0.00010927017136798026
2020-03-02,conservative,EEM,EFA,-7.114146200649297e-05
2020-03-02,conservative,EEM,EEM,0.002626758141609672
2020-03-02,conservative,EEM,AGG,-0.001279111791862907
2020-03-02,conservative,EEM,IEF,-0.0008779439860781091
2020-03-02,conservative,EEM,GLD,-0.00010628785967566873
2020-03-02,conservative,EEM,VNQ,-5.2937747996628054e-05
2020-03-02,conservative,AGG,SPY,-0.001845892929211731
2020-03-02,conservative,AGG,QQQ,-0.0015510489043214144
2020-03-02,conservative,AGG,EFA,-0.0010083830863043318
2020-03-02,conservative,AGG,EEM,-0.0010640409217081107
2020-03-02,conservative,AGG,AGG,0.020165712884109118
2020-03-02,conservative,AGG,IEF,-0.012439020349159549
2020-03-02,conservative,AGG,GLD,-0.0015065387045800464
2020-03-02,conservative,AGG,VNQ,-0.0007507879888239238
2020-03-02,conservative,IEF,SPY,-0.0006976674489658146
2020-03-02,conservative,IEF,QQQ,-0.0005861584823955128
2020-03-02,conservative,IEF,EFA,-0.0003814435582019805
2020-03-02,conservative,IEF,EEM,-0.00040252708769253945
2020-03-02,conservative,IEF,AGG,-0.006857825033460338
2020-03-02,conservative,IEF,IEF,0.009779402838061224
2020-03-02,conservative,IEF,GLD,-0.0005698877468597769
2020-03-02,conservative,IEF,VNQ,-0.0002838934804852467
2020-03-02,conservative,GLD,SPY,-0.00021454572098682803
2020-03-02,conservative,GLD,QQQ,-0.0001802454791353833
2020-03-02,conservative,GLD,EFA,-0.00011734228444131423
2020-03-02,conservative,GLD,EEM,-0.0001238320137316242
2020-03-02,conservative,GLD,AGG,-0.0021097753693889434
2020-03-02,conservative,GLD,IEF,-0.001448070762682535
2020-03-02,conservative,GLD,GLD,0.004281130797932556
2020-03-02,conservative,GLD,VNQ,-8.731916756591253e-05
2020-03-02,conservative,VNQ,SPY,-0.00020040869140503488
2020-03-02,conservative,VNQ,QQQ,-0.00016836828598399024
2020-03-02,conservative,VNQ,EFA,-0.00010961139794940625
2020-03-02,conservative,VNQ,EEM,-0.00011567376876261638
2020-03-02,conservative,VNQ,AGG,-0.0019707803882584338
2020-03-02,conservative,VNQ,IEF,-0.0013526719563956948
2020-03-02,conservative,VNQ,GLD,-0.00016376340706752236
2020-03-02,conservative,VNQ,VNQ,0.004081277895822713
2020-03-02,balanced,SPY,SPY,0.019158845183461816
2020-03-02,balanced,SPY,QQQ,-0.0010990780056720612
2020-03-02,balanced,SPY,EFA,-0.0008474942885439926
2020-03-02,balanced,SPY,EEM,-0.000844097552434684
2020-03-02,balanced,SPY,AGG,-0.008125049024563293
2020-03-02,balanced,SPY,IEF,-0.006663925742074954
2020-03-02,balanced,SPY,GLD,-0.0011518976600356696
2020-03-02,balanced,SPY,VNQ,-0.0004273029101371778
2020-03-02,balanced,QQQ,SPY,-0.0012016248279297398
2020-03-02,balanced,QQQ,QQQ,0.01813884325083514
2020-03-02,balanced,QQQ,EFA,-0.0007948093315285452
2020-03-02,balanced,QQQ,EEM,-0.0007916268991354635
2020-03-02,balanced,QQQ,AGG,-0.007620007079353821
2020-03-02,balanced,QQQ,IEF,-0.006249754166376688
2020-03-02,balanced,QQQ,GLD,-0.0010802897688862046
2020-03-02,balanced,QQQ,VNQ,-0.0004007311776246545
2020-03-02,balanced,EFA,SPY,-0.0003009155815588462
2020-03-02,balanced,EFA,QQQ,-0.00025809315449224515
2020-03-02,balanced,EFA,EFA,0.004603910815299197
2020-03-02,balanced,EFA,EEM,-0.00019835134866056332
2020-03-02,balanced,EFA,AGG,-0.0019093553697971568
2020-03-02,balanced,EFA,IEF,-0.0015661465574431743
2020-03-02,balanced,EFA,GLD,-0.00027066872558926115
2020-03-02,balanced,EFA,VNQ,-0.00010038007775794015
2020-03-02,balanced,EEM,SPY,-0.0002515625052535944
2020-03-02,balanced,EEM,QQQ,-0.00021576257525635575
2020-03-02,balanced,EEM,EFA,-0.00016648368098514646
2020-03-02,balanced,EEM,EEM,0.0038495970756636986
2020-03-02,balanced,EEM,AGG,-0.0015962549498086756
2020-03-02,balanced,EEM,IEF,-0.001309332516111122
2020-03-02,balanced,EEM,GLD,-0.00022628277905787711
2020-03-02,balanced,EEM,VNQ,-8.39180691908886e-05
2020-03-02,balanced,AGG,SPY,-0.0020163646830355262
2020-03-02,balanced,AGG,QQQ,-0.0017296624344974834
2020-03-02,balanced,AGG,EFA,-0.0013331069484843847
2020-03-02,balanced,AGG,EEM,-0.0013277155432822815
2020-03-02,balanced,AGG,AGG,0.01937193062815923
2020-03-02,balanced,AGG,IEF,-0.010480883308231433
2020-03-02,balanced,AGG,GLD,-0.0018119240619693469
2020-03-02,balanced,AGG,VNQ,-0.0006722736486587413
2020-03-02,balanced,IEF,SPY,-0.0009109636778729182
2020-03-02,balanced,IEF,QQQ,-0.0007813659326590937
2020-03-02,balanced,IEF,EFA,-0.0006026511182531917
2020-03-02,balanced,IEF,EEM,-0.0006002466522717957
2020-03-02,balanced,IEF,AGG,-0.005777900486474307
2020-03-02,balanced,IEF,IEF,0.00979606646953007
2020-03-02,balanced,IEF,GLD,-0.0008191135366849964
2020-03-02,balanced,IEF,VNQ,-0.0003038250653137815
2020-03-02,balanced,GLD,SPY,-0.00039998644080943785
2020-03-02,balanced,GLD,QQQ,-0.00034306844221155424
2020-03-02,balanced,GLD,EFA,-0.00026468834663171504
2020-03-02,balanced,GLD,EEM,-0.00026363883594662265
2020-03-02,balanced,GLD,AGG,-0.0025378111089838567
2020-03-02,balanced,GLD,IEF,-0.002081617653471842
2020-03-02,balanced,GLD,GLD,0.0060242352421765065
2020-03-02,balanced,GLD,VNQ,-0.00013342441412147088
2020-03-02,balanced,VNQ,SPY,-0.00027822347518322406
2020-03-02,balanced,VNQ,QQQ,-0.00023862996129456546
2020-03-02,balanced,VNQ,EFA,-0.00018412509768048503
2020-03-02,balanced,VNQ,EEM,-0.00018339622104042184
2020-03-02,balanced,VNQ,AGG,-0.0017653977600834796
2020-03-02,balanced,VNQ,IEF,-0.0014480684021723515
2020-03-02,balanced,VNQ,GLD,-0.00025026092806012395
2020-03-02,balanced,VNQ,VNQ,0.004348101845514651
2020-03-02,growth,SPY,SPY,0.0242720226039602
2020-03-02,growth,SPY,QQQ,-0.0018522300857794034
2020-03-02,growth,SPY,EFA,-0.0014075503820029684
2020-03-02,growth,SPY,EEM,-0.0013803065954256886
2020-03-02,growth,SPY,AGG,-0.007810039463181538
2020-03-02,growth,SPY,IEF,-0.009025959872887412
2020-03-02,growth,SPY,GLD,-0.0021498387986684945
2020-03-02,growth,SPY,VNQ,-0.0006460974060147248
2020-03-02,growth,QQQ,SPY,-0.002025200262357946
2020-03-02,growth,QQQ,QQQ,0.023263417061074498
2020-03-02,growth,QQQ,EFA,-0.0013333567840288498
2020-03-02,growth,QQQ,EEM,-0.0013075548784993137
2020-03-02,growth,QQQ,AGG,-0.007398425063812947
2020-03-02,growth,QQQ,IEF,-0.00855033327195232
2020-03-02,growth,QQQ,GLD,-0.002036519666539088
2020-03-02,growth,QQQ,VNQ,-0.0006120271338840351
2020-03-02,growth,EFA,SPY,-0.0004994464683484394
2020-03-02,growth,EFA,QQQ,-0.00043264559364805395
2020-03-02,growth,EFA,EFA,0.005844853939279172
2020-03-02,growth,EFA,EEM,-0.00032269678071956634
2020-03-02,growth,EFA,AGG,-0.0018259762772213277
2020-03-02,growth,EFA,IEF,-0.002110523496499533
2020-03-02,growth,EFA,GLD,-0.0005025754865095112
2020-03-02,growth,EFA,VNQ,-0.00015098983633275514
2020-03-02,growth,EEM,SPY,-0.0004110876071817102
2020-03-02,growth,EEM,QQQ,-0.00035610271848172676
2020-03-02,growth,EEM,EFA,-0.00027084330529412326
2020-03-02,growth,EEM,EEM,0.004816231114664276
2020-03-02,growth,EEM,AGG,-0.0015030074905459817
2020-03-02,growth,EEM,IEF,-0.0017372305911919415
2020-03-02,growth,EEM,GLD,-0.0004136791990092151
2020-03-02,growth,EEM,VNQ,-0.0001242802029595819
2020-03-02,growth,AGG,SPY,-0.0019361427841614015
2020-03-02,growth,AGG,QQQ,-0.0016773357547018508
2020-03-02,growth,AGG,EFA,-0.0012747722268440249
2020-03-02,growth,AGG,EEM,-0.001250108228900595
2020-03-02,growth,AGG,AGG,0.016845284773230947
2020-03-02,growth,AGG,IEF,-0.008174759325341388
2020-03-02,growth,AGG,GLD,-0.0019470407156880144
2020-03-02,growth,AGG,VNQ,-0.000585125737593676
2020-03-02,growth,IEF,SPY,-0.0012328775344285503
2020-03-02,growth,IEF,QQQ,-0.001068029703696117
2020-03-02,growth,IEF,EFA,-0.000811984934909609
2020-03-02,growth,IEF,EEM,-0.0007962962952789306
2020-03-02,growth,IEF,AGG,-0.004505734259580256
2020-03-02,growth,IEF,IEF,0.010027775769993483
2020-03-02,growth,IEF,GLD,-0.0012402008252903577
2020-03-02,growth,IEF,VNQ,-0.000372652216809666
2020-03-02,growth,GLD,SPY,-0.0007460556672063415
2020-03-02,growth,GLD,QQQ,-0.0006462808546932426
2020-03-02,growth,GLD,EFA,-0.0004914635028281016
2020-03-02,growth,GLD,EEM,-0.00048197673931197027
2020-03-02,growth,GLD,AGG,-0.002727245289276067
2020-03-02,growth,GLD,IEF,-0.003152169387097873
2020-03-02,growth,GLD,GLD,0.008470721727706965
2020-03-02,growth,GLD,VNQ,-0.00022553028729337547
2020-03-02,growth,VNQ,SPY,-0.000420441363336083
2020-03-02,growth,VNQ,QQQ,-0.00036420552723178074
2020-03-02,growth,VNQ,EFA,-0.00027700470850485707
2020-03-02,growth,VNQ,EEM,-0.00027166109219422255
2020-03-02,growth,VNQ,AGG,-0.0015372004291777644
2020-03-02,growth,VNQ,IEF,-0.0017767473689794672
2020-03-02,growth,VNQ,GLD,-0.0004230904280832909
2020-03-02,growth,VNQ,VNQ,0.0050703509175074515
2022-06-01,conservative,SPY,SPY,0.016079073509594602
2022-06-01,conservative,SPY,QQQ,-0.0007114518018635877
2022-06-01,conservative,SPY,EFA,-0.0005382468203037757
2022-06-01,conservative,SPY,EEM,-0.0005241834386269892
2022-06-01,conservative,SPY,AGG,-0.006586854542746192
2022-06-01,conservative,SPY,IEF,-0.005285843465661735
2022-06-01,conservative,SPY,GLD,-0.001817818695905637
2022-06-01,conservative,SPY,VNQ,-0.0006146747444866705
2022-06-01,conservative,QQQ,SPY,-0.0007679729579491502
2022-06-01,conservative,QQQ,QQQ,0.01312873770915442
2022-06-01,conservative,QQQ,EFA,-0.00043296130188453965
2022-06-01,conservative,QQQ,EEM,-0.00042165610610699815
2022-06-01,conservative,QQQ,AGG,-0.0052975319650715585
2022-06-01,conservative,QQQ,IEF,-0.004251750638676035
2022-06-01,conservative,QQQ,GLD,-0.001462426167643066
2022-06-01,conservative,QQQ,VNQ,-0.0004944385718230537
2022-06-01,conservative,EFA,SPY,-0.0003258244954025305
2022-06-01,conservative,EFA,QQQ,-0.00024277346980489323
2022-06-01,conservative,EFA,EFA,0.005629150099206506
2022-06-01,conservative,EFA,EEM,-0.00017893032373945104
2022-06-01,conservative,EFA,AGG,-0.0022470431700511904
2022-06-01,conservative,EFA,IEF,-0.0018040258084259353
2022-06-01,conservative,EFA,GLD,-0.0006207462239311197
2022-06-01,conservative,EFA,VNQ,-0.00020980660785135333
2022-06-01,conservative,EEM,SPY,-0.0002644648407524744
2022-06-01,conservative,EEM,QQQ,-0.0001970532943334802
2022-06-01,conservative,EEM,EFA,-0.00014912499895441045
2022-06-01,conservative,EEM,EEM,0.004572948461441167
2022-06-01,conservative,EEM,AGG,-0.0018238192482011792
2022-06-01,conservative,EEM,IEF,-0.001464307424353777
2022-06-01,conservative,EEM,GLD,-0.0005038792420574169
2022-06-01,conservative,EEM,VNQ,-0.0001702994127884498
2022-06-01,conservative,AGG,SPY,-0.01041618518921325
2022-06-01,conservative,AGG,QQQ,-0.007766750920894943
2022-06-01,conservative,AGG,EFA,-0.005851871242076545
2022-06-01,conservative,AGG,EEM,-0.005694012358413174
2022-06-01,conservative,AGG,AGG,0.11361246950046947
2022-06-01,conservative,AGG,IEF,-0.05756455772179884
2022-06-01,conservative,AGG,GLD,-0.01963597986374624
2022-06-01,conservative,AGG,VNQ,-0.006683112204326531
2022-06-01,conservative,IEF,SPY,-0.004162905496697887
2022-06-01,conservative,IEF,QQQ,-0.0031026636442934327
2022-06-01,conservative,IEF,EFA,-0.002344025131450143
2022-06-01,conservative,IEF,EEM,-0.0022821014440192835
2022-06-01,conservative,IEF,AGG,-0.0287678116371974
2022-06-01,conservative,IEF,IEF,0.051235418993651353
2022-06-01,conservative,IEF,GLD,-0.007899006807574192
2022-06-01,conservative,IEF,VNQ,-0.0026769048324190234
2022-06-01,conservative,GLD,SPY,0.00026137450680063714
2022-06-01,conservative,GLD,QQQ,0.00019474311719062641
2022-06-01,conservative,GLD,EFA,0.000147410786531628
2022-06-01,conservative,GLD,EEM,0.00014357538413612672
2022-06-01,conservative,GLD,AGG,0.001802018613619919
2022-06-01,conservative,GLD,IEF,0.0014473434781195305
2022-06-01,conservative,GLD,GLD,-0.00416480708369839
2022-06-01,conservative,GLD,VNQ,0.00016834119729993392
2022-06-01,conservative,VNQ,SPY,-0.0003752951982660743
2022-06-01,conservative,VNQ,QQQ,-0.00027963523128252035
2022-06-01,conservative,VNQ,EFA,-0.00021161088028499617
2022-06-01,conservative,VNQ,EEM,-0.00020609298925603522
2022-06-01,conservative,VNQ,AGG,-0.0025882831297234458
2022-06-01,conservative,VNQ,IEF,-0.0020779145847458023
2022-06-01,conservative,VNQ,GLD,-0.0007149579713013281
2022-06-01,conservative,VNQ,VNQ,0.006453789984860202
2022-06-01,balanced,SPY,SPY,0.022600466491343653
2022-06-01,balanced,SPY,QQQ,-0.001512301655763142
2022-06-01,balanced,SPY,EFA,-0.001308981907152632
2022-06-01,balanced,SPY,EEM,-0.0012911047512256266
2022-06-01,balanced,SPY,AGG,-0.007464336916953289
2022-06-01,balanced,SPY,IEF,-0.006664074417541092
2022-06-01,balanced,SPY,GLD,-0.0034736173008506825
2022-06-01,balanced,SPY,VNQ,-0.0008860495418571781
2022-06-01,balanced,QQQ,SPY,-0.001632186566153048
2022-06-01,balanced,QQQ,QQQ,0.018980490728019883
2022-06-01,balanced,QQQ,EFA,-0.001076907840574986
2022-06-01,balanced,QQQ,EEM,-0.0010622242830724132
2022-06-01,balanced,QQQ,AGG,-0.006139618684294682
2022-06-01,balanced,QQQ,IEF,-0.0054823469769342634
2022-06-01,balanced,QQQ,GLD,-0.002858248493968839
2022-06-01,balanced,QQQ,VNQ,-0.0007289578830216206
2022-06-01,balanced,EFA,SPY,-0.0007926695992619111
2022-06-01,balanced,EFA,QQQ,-0.000604144664035444
2022-06-01,balanced,EFA,EFA,0.009299450289904015
2022-06-01,balanced,EFA,EEM,-0.000516005731896251
2022-06-01,balanced,EFA,AGG,-0.0029807833240858986
2022-06-01,balanced,EFA,IEF,-0.002662796849346984
2022-06-01,balanced,EFA,GLD,-0.0013889581170386008
2022-06-01,balanced,EFA,VNQ,-0.0003540920042388659
2022-06-01,balanced,EEM,SPY,-0.0006517324946194063
2022-06-01,balanced,EEM,QQQ,-0.0004967241324262605
2022-06-01,balanced,EEM,EFA,-0.0004301162015135539
2022-06-01,balanced,EEM,EEM,0.007651899699724331
2022-06-01,balanced,EEM,AGG,-0.0024506727537463276
2022-06-01,balanced,EEM,IEF,-0.0021893914534310173
2022-06-01,balanced,EEM,GLD,-0.0011421180929807708
2022-06-01,balanced,EEM,VNQ,-0.0002911445710070083
2022-06-01,balanced,AGG,SPY,-0.011784700145324411
2022-06-01,balanced,AGG,QQQ,-0.008986791454619697
2022-06-01,balanced,AGG,EFA,-0.0077556175551817055
2022-06-01,balanced,AGG,EEM,-0.007644897979621975
2022-06-01,balanced,AGG,AGG,0.10143810247360555
2022-06-01,balanced,AGG,IEF,-0.03953100490614645
2022-06-01,balanced,AGG,GLD,-0.0204851595107383
2022-06-01,balanced,AGG,VNQ,-0.005249930921972988
2022-06-01,balanced,IEF,SPY,-0.0052545038439036984
2022-06-01,balanced,IEF,QQQ,-0.00400569433034873
2022-06-01,balanced,IEF,EFA,-0.0034637189593752908
2022-06-01,balanced,IEF,EEM,-0.003415695401705267
2022-06-01,balanced,IEF,AGG,-0.019791783253338597
2022-06-01,balanced,IEF,IEF,0.047453258056049205
2022-06-01,balanced,IEF,GLD,-0.009177247721548714
2022-06-01,balanced,IEF,VNQ,-0.002344614545828905
2022-06-01,balanced,GLD,SPY,0.0005003834951510789
2022-06-01,balanced,GLD,QQQ,0.0003813498662453002
2022-06-01,balanced,GLD,EFA,0.0003303286560367156
2022-06-01,balanced,GLD,EEM,0.0003258694727753487
2022-06-01,balanced,GLD,AGG,0.0018807766396170605
2022-06-01,balanced,GLD,IEF,0.001681219379850291
2022-06-01,balanced,GLD,GLD,-0.005323525027760005
2022-06-01,balanced,GLD,VNQ,0.00022359751808422815
2022-06-01,balanced,VNQ,SPY,-0.0005412345417791181
2022-06-01,balanced,VNQ,QQQ,-0.0004125048335376006
2022-06-01,balanced,VNQ,EFA,-0.00035720241755114664
2022-06-01,balanced,VNQ,EEM,-0.00035235695055488303
2022-06-01,balanced,VNQ,AGG,-0.0020350907530017463
2022-06-01,balanced,VNQ,IEF,-0.001818218184300854
2022-06-01,balanced,VNQ,GLD,-0.0009485547703241793
2022-06-01,balanced,VNQ,VNQ,0.006465162451049548
2022-06-01,growth,SPY,SPY,0.02957052039736431
2022-06-01,growth,SPY,QQQ,-0.0027875794446493365
2022-06-01,growth,SPY,EFA,-0.0023230991686602567
2022-06-01,growth,SPY,EEM,-0.002318913124779025
2022-06-01,growth,SPY,AGG,-0.007012892628203891
2022-06-01,growth,SPY,IEF,-0.0074498767818491855
2022-06-01,growth,SPY,GLD,-0.006326691740602439
2022-06-01,growth,SPY,VNQ,-0.0013514675086201463
2022-06-01,growth,QQQ,SPY,-0.0030078647531305933
2022-06-01,growth,QQQ,QQQ,0.025345694251658904
2022-06-01,growth,QQQ,EFA,-0.001937605118398562
2022-06-01,growth,QQQ,EEM,-0.0019341688550522191
2022-06-01,growth,QQQ,AGG,-0.005847566797285551
2022-06-01,growth,QQQ,IEF,-0.006213320256419411
2022-06-01,growth,QQQ,GLD,-0.005277964370067914
2022-06-01,growth,QQQ,VNQ,-0.0011272041013046447
2022-06-01,growth,EFA,SPY,-0.0014072250523695844
2022-06-01,growth,EFA,QQQ,-0.0010875410325479227
2022-06-01,growth,EFA,EFA,0.01204089811138134
2022-06-01,growth,EFA,EEM,-0.0009052387847924474
2022-06-01,growth,EFA,AGG,-0.0027345884342509317
2022-06-01,growth,EFA,IEF,-0.002907355068553087
2022-06-01,growth,EFA,GLD,-0.0024714324387142194
2022-06-01,growth,EFA,VNQ,-0.0005275173001531577
2022-06-01,growth,EEM,SPY,-0.0011711246816142095
2022-06-01,growth,EEM,QQQ,-0.0009050685731334461
2022-06-01,growth,EEM,EFA,-0.000754674606090846
2022-06-01,growth,EEM,EEM,0.010022210200873384
2022-06-01,growth,EEM,AGG,-0.0022756403190481557
2022-06-01,growth,EEM,IEF,-0.002419625071670808
2022-06-01,growth,EEM,GLD,-0.002057045837356817
2022-06-01,growth,EEM,VNQ,-0.00043903111195908094
2022-06-01,growth,AGG,SPY,-0.011033360026532055
2022-06-01,growth,AGG,QQQ,-0.008529908237164447
2022-06-01,growth,AGG,EFA,-0.007096793544986309
2022-06-01,growth,AGG,EEM,-0.007081504071404886
2022-06-01,growth,AGG,AGG,0.07992029756881969
2022-06-01,growth,AGG,IEF,-0.02277346667467512
2022-06-01,growth,AGG,GLD,-0.019276625063199212
2022-06-01,growth,AGG,VNQ,-0.0041286399508576495
2022-06-01,growth,IEF,SPY,-0.005878636192963058
2022-06-01,growth,IEF,QQQ,-0.00454392171815525
2022-06-01,growth,IEF,EFA,-0.0037848595962431814
2022-06-01,growth,IEF,EEM,-0.0037776303605199036
2022-06-01,growth,IEF,AGG,-0.01143755069949325
2022-06-01,growth,IEF,IEF,0.041923795114663154
2022-06-01,growth,IEF,GLD,-0.010299335933483894
2022-06-01,growth,IEF,VNQ,-0.0022018606138046286
2022-06-01,growth,GLD,SPY,0.0009131182346190855
2022-06-01,growth,GLD,QQQ,0.0007056206030067746
2022-06-01,growth,GLD,EFA,0.0005886450123669595
2022-06-01,growth,GLD,EEM,0.0005877111055732444
2022-06-01,growth,GLD,AGG,0.0017733013251718974
2022-06-01,growth,GLD,IEF,0.0018869598920760026
2022-06-01,growth,GLD,GLD,-0.006797797790530729
2022-06-01,growth,GLD,VNQ,0.0003424416177167681
2022-06-01,growth,VNQ,SPY,-0.0008257497894877004
2022-06-01,growth,VNQ,QQQ,-0.0006381476722534603
2022-06-01,growth,VNQ,EFA,-0.0005321488886734211
2022-06-01,growth,VNQ,EEM,-0.0005312604961501606
2022-06-01,growth,VNQ,AGG,-0.0016043843851545774
2022-06-01,growth,VNQ,IEF,-0.0017061144937786492
2022-06-01,growth,VNQ,GLD,-0.0014506767668298203
2022-06-01,growth,VNQ,VNQ,0.007288482492327791
2024-12-02,conservative,SPY,SPY,-0.009410962124497645
2024-12-02,conservative,SPY,QQQ,0.0008984996824331139
2024-12-02,conservative,SPY,EFA,0.00033289967237714837
2024-12-02,conservative,SPY,EEM,0.00031649369030939086
2024-12-02,conservative,SPY,AGG,0.0037583152509493146
2024-12-02,conservative,SPY,IEF,0.0031637219196611953
2024-12-02,conservative,SPY,GLD,0.0004960905636741132
2024-12-02,conservative,SPY,VNQ,0.0004449413450933723
2024-12-02,conservative,QQQ,SPY,0.00043000525180518636
2024-12-02,conservative,QQQ,QQQ,-0.003833169110893522
2024-12-02,conservative,QQQ,EFA,0.00013306196407100593
2024-12-02,conservative,QQQ,EEM,0.0001265028425739101
2024-12-02,conservative,QQQ,AGG,0.001502643135912361
2024-12-02,conservative,QQQ,IEF,0.001264751500355225
2024-12-02,conservative,QQQ,GLD,0.0001983502805648248
2024-12-02,conservative,QQQ,VNQ,0.00017785413561099986
2024-12-02,conservative,EFA,SPY,0.0002512613141621716
2024-12-02,conservative,EFA,QQQ,0.00020985997468227587
2024-12-02,conservative,EFA,EFA,-0.002372036268456575
2024-12-02,conservative,EFA,EEM,7.391866647139399e-05
2024-12-02,conservative,EFA,AGG,0.0008781017129033615
2024-12-02,conservative,EFA,IEF,0.0007390576667267228
2024-12-02,conservative,EFA,GLD,0.00011591087352843851
2024-12-02,conservative,EFA,VNQ,0.00010392605998225683
2024-12-02,conservative,EEM,SPY,0.00027093193922548013
2024-12-02,conservative,EEM,QQQ,0.00022628922890792553
2024-12-02,conservative,EEM,EFA,8.383863583154228e-05
2024-12-02,conservative,EEM,EEM,-0.0025618572897162777
2024-12-02,conservative,EEM,AGG,0.0009468377136725856
2024-12-02,conservative,EEM,IEF,0.0007969136293209704
2024-12-02,conservative,EEM,GLD,0.0001249840563595417
2024-12-02,conservative,EEM,VNQ,0.00011206208639822593
2024-12-02,conservative,AGG,SPY,-0.00703928029785547
2024-12-02,conservative,AGG,QQQ,-0.005883115621872433
2024-12-02,conservative,AGG,EFA,-0.0021789167738102905
2024-12-02,conservative,AGG,EEM,-0.00207124987764207
2024-12-02,conservative,AGG,AGG,0.04409317533234584
2024-12-02,conservative,AGG,IEF,-0.020747188900919238
2024-12-02,conservative,AGG,GLD,-0.003259420889481953
2024-12-02,conservative,AGG,VNQ,-0.0029140029707644013
2024-12-02,conservative,IEF,SPY,-0.002100776666301345
2024-12-02,conservative,IEF,QQQ,-0.0017549827170665008
2024-12-02,conservative,IEF,EFA,-0.0006501370943650714
2024-12-02,conservative,IEF,EEM,-0.0006180634203925141
2024-12-02,conservative,IEF,AGG,-0.007350008440239545
2024-12-02,conservative,IEF,IEF,0.014313404884698785
2024-12-02,conservative,IEF,GLD,-0.0009702840285556613
2024-12-02,conservative,IEF,VNQ,-0.00086915251777812
2024-12-02,conservative,GLD,SPY,-0.0010217001747611582
2024-12-02,conservative,GLD,QQQ,-0.0008534451917428127
2024-12-02,conservative,GLD,EFA,-0.0003161764301027652
2024-12-02,conservative,GLD,EEM,-0.0003005836137534329
2024-12-02,conservative,GLD,AGG,-0.003572787901974818
2024-12-02,conservative,GLD,IEF,-0.0030062788771202035
2024-12-02,conservative,GLD,GLD,0.009493627021089194
2024-12-02,conservative,GLD,VNQ,-0.0004226548316339968
2024-12-02,conservative,VNQ,SPY,0.00013895484750547582
2024-12-02,conservative,VNQ,QQQ,0.00011605974777350025
2024-12-02,conservative,VNQ,EFA,4.299907469926068e-05
2024-12-02,conservative,VNQ,EEM,4.0879316228855946e-05
2024-12-02,conservative,VNQ,AGG,0.00048564232516177825
2024-12-02,conservative,VNQ,IEF,0.0004087326034092304
2024-12-02,conservative,VNQ,GLD,6.410573271292218e-05
2024-12-02,conservative,VNQ,VNQ,-0.0012973736474910505
2024-12-02,balanced,SPY,SPY,-0.013215937710361522
2024-12-02,balanced,SPY,QQQ,0.0019205969843887007
2024-12-02,balanced,SPY,EFA,0.0010043145143063597
2024-12-02,balanced,SPY,EEM,0.0009242741397266748
2024-12-02,balanced,SPY,AGG,0.00410491752539386
2024-12-02,balanced,SPY,IEF,0.0036248794616005548
2024-12-02,balanced,SPY,GLD,0.0008407846801580698
2024-12-02,balanced,SPY,VNQ,0.0007961704047872977
2024-12-02,balanced,QQQ,SPY,0.0009187751676432905
2024-12-02,balanced,QQQ,QQQ,-0.005290382247472107
2024-12-02,balanced,QQQ,EFA,0.0003885933549834348
2024-12-02,balanced,QQQ,EEM,0.0003576177848852646
2024-12-02,balanced,QQQ,AGG,0.001588970876679392
2024-12-02,balanced,QQQ,IEF,0.0014028764483125936
2024-12-02,balanced,QQQ,GLD,0.0003254689788933616
2024-12-02,balanced,QQQ,VNQ,0.00030807963607474344
2024-12-02,balanced,EFA,SPY,0.0007578749685390412
2024-12-02,balanced,EFA,QQQ,0.0006130188152174498
2024-12-02,balanced,EFA,EFA,-0.004656504812335639
2024-12-02,balanced,EFA,EEM,0.0002949908448547263
2024-12-02,balanced,EFA,AGG,0.0013107704177761183
2024-12-02,balanced,EFA,IEF,0.00115723325551759
2024-12-02,balanced,EFA,GLD,0.00026848615479049354
2024-12-02,balanced,EFA,VNQ,0.0002541303556402054
2024-12-02,balanced,EEM,SPY,0.0007911103064591293
2024-12-02,balanced,EEM,QQQ,0.0006399003598120774
2024-12-02,balanced,EEM,EFA,0.00033459908945940146
2024-12-02,balanced,EEM,EEM,-0.0048873524077467055
2024-12-02,balanced,EEM,AGG,0.0013682374821011771
2024-12-02,balanced,EEM,IEF,0.0012079741573812123
2024-12-02,balanced,EEM,GLD,0.0002802568316834419
2024-12-02,balanced,EEM,VNQ,0.0002652741808502568
2024-12-02,balanced,AGG,SPY,-0.0076815889183517285
2024-12-02,balanced,AGG,QQQ,-0.0062164384569237535
2024-12-02,balanced,AGG,EFA,-0.003249672886713696
2024-12-02,balanced,AGG,EEM,-0.002990343552066527
2024-12-02,balanced,AGG,AGG,0.03719255208767154
2024-12-02,balanced,AGG,IEF,-0.011747864099292758
2024-12-02,balanced,AGG,GLD,-0.002729179186777402
2024-12-02,balanced,AGG,VNQ,-0.002577464987545699
2024-12-02,balanced,IEF,SPY,-0.002405579112794971
2024-12-02,balanced,IEF,QQQ,-0.0019461501791049076
2024-12-02,balanced,IEF,EFA,-0.0010175257609674891
2024-12-02,balanced,IEF,EEM,-0.000936381828256078
2024-12-02,balanced,IEF,AGG,-0.004164769457524441
2024-12-02,balanced,IEF,IEF,0.012130370585391329
2024-12-02,balanced,IEF,GLD,-0.0008531293069534222
2024-12-02,balanced,IEF,VNQ,-0.0008068349397900497
2024-12-02,balanced,GLD,SPY,-0.0017290279460945592
2024-12-02,balanced,GLD,QQQ,-0.001398753756049454
2024-12-02,balanced,GLD,EFA,-0.0007313405990961665
2024-12-02,balanced,GLD,EEM,-0.0006730233738598409
2024-12-02,balanced,GLD,AGG,-0.0029928056966330467
2024-12-02,balanced,GLD,IEF,-0.002641356818042946
2024-12-02,balanced,GLD,GLD,0.010746196638721084
2024-12-02,balanced,GLD,VNQ,-0.0005798884489450649
2024-12-02,balanced,VNQ,SPY,0.00024850806200637593
2024-12-02,balanced,VNQ,QQQ,0.00020101542671929266
2024-12-02,balanced,VNQ,EFA,0.00010510771351341987
2024-12-02,balanced,VNQ,EEM,9.672874902068125e-05
2024-12-02,balanced,VNQ,AGG,0.00042987418432604494
2024-12-02,balanced,VNQ,IEF,0.0003794946576028458
2024-12-02,balanced,VNQ,GLD,8.805233572317733e-05
2024-12-02,balanced,VNQ,VNQ,-0.0015487811289118603
2024-12-02,growth,SPY,SPY,-0.016748510653398704
2024-12-02,growth,SPY,QQQ,0.0034570993426031545
2024-12-02,growth,SPY,EFA,0.0019469815393290146
2024-12-02,growth,SPY,EEM,0.001760907494864223
2024-12-02,growth,SPY,AGG,0.003513441813264507
2024-12-02,growth,SPY,IEF,0.003305020235977072
2024-12-02,growth,SPY,GLD,0.0013888663568625795
2024-12-02,growth,SPY,VNQ,0.0013761938704981184
2024-12-02,growth,QQQ,SPY,0.0016532732369468825
2024-12-02,growth,QQQ,QQQ,-0.006717120273255626
2024-12-02,growth,QQQ,EFA,0.000741546918252506
2024-12-02,growth,QQQ,EEM,0.0006706613526078469
2024-12-02,growth,QQQ,AGG,0.0013389466833951228
2024-12-02,growth,QQQ,IEF,0.0012591804920060055
2024-12-02,growth,QQQ,GLD,0.0005293089584703688
2024-12-02,growth,QQQ,VNQ,0.0005242026315769004
2024-12-02,growth,EFA,SPY,0.0014690140690689362
2024-12-02,growth,EFA,QQQ,0.0011700385871679696
2024-12-02,growth,EFA,EFA,-0.006479737797378197
2024-12-02,growth,EFA,EEM,0.0005959168849157272
2024-12-02,growth,EFA,AGG,0.0011897725742488299
2024-12-02,growth,EFA,IEF,0.0011188720380205838
2024-12-02,growth,EFA,GLD,0.00047033886416397583
2024-12-02,growth,EFA,VNQ,0.0004657847797921843
2024-12-02,growth,EEM,SPY,0.0015070614443141906
2024-12-02,growth,EEM,QQQ,0.001200339909113671
2024-12-02,growth,EEM,EFA,0.000675967881697227
2024-12-02,growth,EEM,EEM,-0.006712153050041962
2024-12-02,growth,EEM,AGG,0.0012205758189308682
2024-12-02,growth,EEM,IEF,0.0011478448549721355
2024-12-02,growth,EEM,GLD,0.00048251596443200413
2024-12-02,growth,EEM,VNQ,0.0004778471765818456
2024-12-02,growth,AGG,SPY,-0.00656590240974766
2024-12-02,growth,AGG,QQQ,-0.005231419623530219
2024-12-02,growth,AGG,EFA,-0.002945512510455129
2024-12-02,growth,AGG,EEM,-0.0026637629533050964
2024-12-02,growth,AGG,AGG,0.026602391470717333
2024-12-02,growth,AGG,IEF,-0.0050064589782199955
2024-12-02,growth,AGG,GLD,-0.0021065106597708922
2024-12-02,growth,AGG,VNQ,-0.002082824335688385
2024-12-02,growth,IEF,SPY,-0.002192034663791663
2024-12-02,growth,IEF,QQQ,-0.0017461857404836268
2024-12-02,growth,IEF,EFA,-0.000983275804206176
2024-12-02,growth,IEF,EEM,-0.0008892541533237462
2024-12-02,growth,IEF,AGG,-0.0017769020058269994
2024-12-02,growth,IEF,IEF,0.00898531419595251
2024-12-02,growth,IEF,GLD,-0.0007024819078648445
2024-12-02,growth,IEF,VNQ,-0.0006951799204554796
2024-12-02,growth,GLD,SPY,-0.0028527011376219542
2024-12-02,growth,GLD,QQQ,-0.0022725407846601042
2024-12-02,growth,GLD,EFA,-0.0012796465897531807
2024-12-02,growth,GLD,EEM,-0.0011572794265957691
2024-12-02,growth,GLD,AGG,-0.002312812999605674
2024-12-02,growth,GLD,IEF,-0.0021740510737935812
2024-12-02,growth,GLD,GLD,0.012953769301856245
2024-12-02,growth,GLD,VNQ,-0.0009047372898259882
2024-12-02,growth,VNQ,SPY,0.00042938255105439744
2024-12-02,growth,VNQ,QQQ,0.0003420091419078974
2024-12-02,growth,VNQ,EFA,0.00019259669870462555
2024-12-02,growth,VNQ,EEM,0.00017418436799650352
2024-12-02,growth,VNQ,AGG,0.00034784880795459043
2024-12-02,growth,VNQ,IEF,0.0003270862991443792
2024-12-02,growth,VNQ,GLD,0.00013751285158948036
2024-12-02,growth,VNQ,VNQ,-0.0019506207183519022
