date,profile,probe,pair,dphi_pair_max,dw_max,rho
2012-02-01,conservative,p1,SPY-QQQ,0.0007098546244384621,0.0007900451150615745,0.8984988463388417
2012-02-01,conservative,p2,SPY-QQQ,0.0005443665754533283,0.0006093454850892577,0.8933627782170058
2012-02-01,conservative,p3,SPY-QQQ,0.0006958095391962557,0.0008476269008560328,0.8208912889545458
2012-02-01,conservative,p4,SPY-QQQ,0.0007097021529024958,0.0008620541422316996,0.8232686534806357
2012-02-01,conservative,p1,SPY-AGG,0.0007098546244384621,0.0007900451150615745,0.8984988463388417
2012-02-01,conservative,k1,SPY-AGG,0.0023327786523840155,0.002421853820051001,0.9632202542822714
2012-02-01,conservative,k2,SPY-AGG,0.002356932267705031,0.00281421421108502,0.837509901847989
2012-02-01,conservative,k3,SPY-AGG,0.0023270547560281726,0.002791477166233347,0.8336284402312205
2012-02-01,balanced,p1,SPY-QQQ,0.0008209332961783486,0.0009135892518148114,0.8985802914686166
2012-02-01,balanced,p2,SPY-QQQ,0.0006696072403965941,0.0007486814657431812,0.8943820183018772
2012-02-01,balanced,p3,SPY-QQQ,0.0008013652363621782,0.0009982840855157493,0.8027426741438678
2012-02-01,balanced,p4,SPY-QQQ,0.0008173764779967341,0.001014619104025935,0.8055993374789057
2012-02-01,balanced,p1,SPY-AGG,0.0008209332961783486,0.0009135892518148114,0.8985802914686166
2012-02-01,balanced,k1,SPY-AGG,0.002075256545405073,0.0022155153567493535,0.9366924670971042
2012-02-01,balanced,k2,SPY-AGG,0.0020942435074348537,0.0025881250182545057,0.8091740131036106
2012-02-01,balanced,k3,SPY-AGG,0.0020636474964920506,0.0025624135610969323,0.805353018662855
2012-02-01,growth,p1,SPY-QQQ,0.0009502245266087284,0.0010564093430685262,0.8994851596528242
2012-02-01,growth,p2,SPY-QQQ,0.0007926394403083153,0.0008854208121103074,0.8952121177490086
2012-02-01,growth,p3,SPY-QQQ,0.0009242228993521506,0.0011768669150684086,0.7853249059163394
2012-02-01,growth,p4,SPY-QQQ,0.0009426221037072274,0.0011952529867484823,0.7886381495448075
2012-02-01,growth,p1,SPY-AGG,0.0009502245266087284,0.0010564093430685262,0.8994851596528242
2012-02-01,growth,k1,SPY-AGG,0.001539443894029567,0.0017039741486127857,0.9034432214143838
2012-02-01,growth,k2,SPY-AGG,0.0015503798433542174,0.0019970002390024555,0.7763543604424732
2012-02-01,growth,k3,SPY-AGG,0.001523706066133522,0.0019719248961271585,0.7726998473045632
2020-03-02,conservative,p1,SPY-QQQ,0.0005220352610582624,0.000502497109974083,1.0388821163273698
2020-03-02,conservative,p2,SPY-QQQ,0.0004486161211957485,0.00043139619403224916,1.0399167340873945
2020-03-02,conservative,p3,SPY-QQQ,0.0005252334609528436,0.0005269734358140793,0.9966981734884838
2020-03-02,conservative,p4,SPY-QQQ,0.0005353501068017033,0.0005365451731049256,0.9977726641425053
2020-03-02,conservative,p1,SPY-AGG,0.0005220352610582624,0.000502497109974083,1.0388821163273698
2020-03-02,conservative,k1,SPY-AGG,0.0024835394923376046,0.0024777157262241833,1.002350457742905
2020-03-02,conservative,k2,SPY-AGG,0.002510072471146211,0.002753697144470324,0.9115281526825367
2020-03-02,conservative,k3,SPY-AGG,0.002484185158279823,0.0027317428188023407,0.9093773913054332
2020-03-02,balanced,p1,SPY-QQQ,0.0006663477954639667,0.0006408433662879048,1.0397982260841625
2020-03-02,balanced,p2,SPY-QQQ,0.0005854772445651156,0.0005624671286066363,1.0409092634719486
2020-03-02,balanced,p3,SPY-QQQ,0.0006716886384061094,0.0006828841727871543,0.9836055149215848
2020-03-02,balanced,p4,SPY-QQQ,0.0006844373343152868,0.000694854282603713,0.985008441986725
2020-03-02,balanced,p1,SPY-AGG,0.0006663477954639667,0.0006408433662879048,1.0397982260841625
2020-03-02,balanced,k1,SPY-AGG,0.0023986567831767933,0.002370492586263262,1.0118811579824125
2020-03-02,balanced,k2,SPY-AGG,0.0024300040777526302,0.0026704941069330412,0.9099454933991207
2020-03-02,balanced,k3,SPY-AGG,0.002400886580617611,0.002645443704153261,0.9075553476523794
2020-03-02,growth,p1,SPY-QQQ,0.0008393250495291743,0.0008066112329470354,1.0405571051404972
2020-03-02,growth,p2,SPY-QQQ,0.000746639533148942,0.0007166384726722264,1.0418635917840786
2020-03-02,growth,p3,SPY-QQQ,0.0008479229330343625,0.0008768379367944806,0.9670235484269479
2020-03-02,growth,p4,SPY-QQQ,0.0008637138412120431,0.0008915232040125759,0.9688069108292772
2020-03-02,growth,p1,SPY-AGG,0.0008393250495291743,0.0008066112329470354,1.0405571051404972
2020-03-02,growth,k1,SPY-AGG,0.002100896647834744,0.0020470040744383633,1.0263275359679815
2020-03-02,growth,k2,SPY-AGG,0.0021353941795457,0.002334746474553895,0.9146150140150504
2020-03-02,growth,k3,SPY-AGG,0.002104944186372139,0.002308051679476897,0.9120004569608292
2022-06-01,conservative,p1,SPY-QQQ,0.0005939844466400918,0.0005183774545929817,1.1458531642863885
2022-06-01,conservative,p2,SPY-QQQ,0.0004559588017785353,0.00039618811837410783,1.1508644016123368
2022-06-01,conservative,p3,SPY-QQQ,0.0005972545137078837,0.0005415184034365181,1.102925606807931
2022-06-01,conservative,p4,SPY-QQQ,0.000608649969135594,0.0005513729293027125,1.103880761620481
2022-06-01,conservative,p1,SPY-AGG,0.0005939844466400918,0.0005183774545929817,1.1458531642863885
2022-06-01,conservative,k1,SPY-AGG,0.00245641342241551,0.0024299715104256214,1.0108815728400276
2022-06-01,conservative,k2,SPY-AGG,0.0024970663737213517,0.0026917142782844072,0.9276862681401993
2022-06-01,conservative,k3,SPY-AGG,0.002469810527299887,0.0026673604876390478,0.9259380345271526
2022-06-01,balanced,p1,SPY-QQQ,0.0008288376038115101,0.000740414212688334,1.1194242217503145
2022-06-01,balanced,p2,SPY-QQQ,0.0006550429732637593,0.0005820490498281289,1.125408543244224
2022-06-01,balanced,p3,SPY-QQQ,0.0008354688461450002,0.0007914515926710219,1.0556158505227429
2022-06-01,balanced,p4,SPY-QQQ,0.0008510060174966166,0.0008050800252444451,1.057045251170189
2022-06-01,balanced,p1,SPY-AGG,0.0008288376038115101,0.000740414212688334,1.1194242217503145
2022-06-01,balanced,k1,SPY-AGG,0.0022820923015556965,0.0022214486798445843,1.027299132436116
2022-06-01,balanced,k2,SPY-AGG,0.002337586731178218,0.002524022917240909,0.9261353037687587
2022-06-01,balanced,k3,SPY-AGG,0.0023077465756824733,0.002497664373780406,0.9239618420746909
2022-06-01,growth,p1,SPY-QQQ,0.0010755406901026554,0.0009851270508331872,1.091778658593325
2022-06-01,growth,p2,SPY-QQQ,0.0008684641937943757,0.0007906270346037247,1.0984499084700086
2022-06-01,growth,p3,SPY-QQQ,0.001087087157068574,0.0010831082931960084,1.0036735605271978
2022-06-01,growth,p4,SPY-QQQ,0.0011067068935133248,0.0011004960823057242,1.005643646812979
2022-06-01,growth,p1,SPY-AGG,0.0010755406901026554,0.0009851270508331872,1.091778658593325
2022-06-01,growth,k1,SPY-AGG,0.0018789542302538736,0.0017989000297016777,1.044501750642292
2022-06-01,growth,k2,SPY-AGG,0.001942620429031136,0.0020917420842429812,0.9287093488555911
2022-06-01,growth,k3,SPY-AGG,0.0019135873121504388,0.0020660238200773395,0.9262174489734613
2024-12-02,conservative,p1,SPY-QQQ,0.0008726863069153587,0.0008382612901317726,1.0410671674677647
2024-12-02,conservative,p2,SPY-QQQ,0.0007588446414632994,0.0007305056401408355,1.0387936790152645
2024-12-02,conservative,p3,SPY-QQQ,0.0008689326561619679,0.000913113231462287,0.9516154472654317
2024-12-02,conservative,p4,SPY-QQQ,0.0008855303799123176,0.000928295168807311,0.953931906216922
2024-12-02,conservative,p1,SPY-AGG,0.0008726863069153587,0.0008382612901317726,1.0410671674677647
2024-12-02,conservative,k1,SPY-AGG,0.0023443202763320653,0.0023402618581480628,1.001734172682374
2024-12-02,conservative,k2,SPY-AGG,0.002383220292938068,0.002721176430626304,0.8758051356447871
2024-12-02,conservative,k3,SPY-AGG,0.0023533777854911203,0.0026966638945353782,0.8726997050912033
2024-12-02,balanced,p1,SPY-QQQ,0.001232374211285794,0.0012015544403702894,1.0256499163749975
2024-12-02,balanced,p2,SPY-QQQ,0.001049637156430954,0.001026662953288432,1.0223775515313327
2024-12-02,balanced,p3,SPY-QQQ,0.001225267871212481,0.001367400904474736,0.8960560631508043
2024-12-02,balanced,p4,SPY-QQQ,0.0012478576430905546,0.0013876741436322781,0.8992439967384924
2024-12-02,balanced,p1,SPY-AGG,0.001232374211285794,0.0012015544403702894,1.0256499163749975
2024-12-02,balanced,k1,SPY-AGG,0.002011990664187016,0.002015680919031926,0.9981692266816308
2024-12-02,balanced,k2,SPY-AGG,0.002059091307763314,0.002442732121779312,0.8429460149987507
2024-12-02,balanced,k3,SPY-AGG,0.0020285952487322997,0.0024170287747533603,0.8392929657774979
2024-12-02,growth,p1,SPY-QQQ,0.001571195879823701,0.0015519972024000683,1.0123703041435532
2024-12-02,growth,p2,SPY-QQQ,0.0013359054233426622,0.0013254649605560775,1.0078768304687622
2024-12-02,growth,p3,SPY-QQQ,0.0015602574903418702,0.0018612393275232453,0.8382895564634925
2024-12-02,growth,p4,SPY-QQQ,0.0015877824901400894,0.0018850453625724461,0.8423046583734759
2024-12-02,growth,p1,SPY-AGG,0.001571195879823701,0.0015519972024000683,1.0123703041435532
2024-12-02,growth,k1,SPY-AGG,0.001464630099368952,0.001476482514840588,0.9919725324529728
2024-12-02,growth,k2,SPY-AGG,0.0015588913309746363,0.001906020324072083,0.8178776014539922
2024-12-02,growth,k3,SPY-AGG,0.0015866742249209115,0.0019297806921120542,0.8222044253040853
