date,ticker,vol_trail_20,wf_a,wf_b,wf_forecast,frozen_forecast,pred_ols_ticker_ref,abs_wf_minus_frozen,y_vol
2023-01-03,SPY,0.01162140509330746,0.004390604998131331,0.5351461495953278,0.01060975518670235,0.010356097828014525,0.010356097828014534,0.0002536573586878251,0.010432622983965927
2023-01-03,QQQ,0.014542849405562726,0.0051906626284003825,0.5500795450595269,0.013190386613281539,0.012617858986625924,0.012617858986625895,0.0005725276266556143,0.014043846528926639
2023-01-03,EFA,0.009999831871285598,0.0049934697634650615,0.5274210374727096,0.01026759146357118,0.010227027021509339,0.0102270270215093,4.0564442061840136e-05,0.007961964755082268
2023-01-03,EEM,0.010451653583091532,0.006777123807640161,0.47028492601912625,0.011692378939741899,0.01166004346081738,0.01166004346081741,3.233547892451949e-05,0.010789456737516223
2023-01-03,AGG,0.004977338448118853,0.0013396131033050467,0.4211880887747418,0.003436008771453266,0.0028273490088662097,0.0028273490088662123,0.0006086597625870561,0.004848518788659334
2023-01-03,IEF,0.006088473990077934,0.0016899764304047016,0.5543606442584387,0.005065186794095052,0.004747049448958667,0.004747049448958668,0.0003181373451363852,0.006280966271961376
2023-01-03,GLD,0.009555392261046382,0.00506312348040454,0.4486625086076298,0.009350269742975542,0.009394017880571275,0.009394017880571287,4.374813759573312e-05,0.008332624449430316
2023-01-03,VNQ,0.012220622284230891,0.004790790018447917,0.5720077927868623,0.011781081197732773,0.011699064938026336,0.011699064938026308,8.201625970643764e-05,0.014849629857439685
2023-02-01,SPY,0.010432622983965929,0.004390581768064414,0.5351427843296656,0.009973524679565606,0.009746896666187835,0.009746896666187837,0.00022662801337777067,0.00939247991404066
2023-02-01,QQQ,0.0140438465289267,0.0051907034975896185,0.5500990183816223,0.01291620968745435,0.012374143615787762,0.012374143615787734,0.0005420660716665884,0.015204791160768675
2023-02-01,EFA,0.007961964755082368,0.004992644969390029,0.527431623072047,0.009192036963005556,0.009148819541689415,0.009148819541689363,4.3217421316141605e-05,0.007646507088483934
2023-02-01,EEM,0.010789456737516145,0.00677661337326043,0.47030296783416975,0.011850926898232653,0.011824174702824411,0.01182417470282445,2.675219540824135e-05,0.010282405718946211
2023-02-01,AGG,0.004848518788659322,0.001338926897419132,0.42167960998547116,0.003383448409228224,0.0027938689019085714,0.0027938689019085744,0.0005895795073196527,0.004021423667372452
2023-02-01,IEF,0.006280966271961373,0.001688924389623015,0.5547409941914273,0.00517323386381369,0.0048367769282084225,0.004836776928208424,0.0003364569356052675,0.004790996385560442
2023-02-01,GLD,0.008332624449430292,0.005062879763114152,0.44865481162083526,0.008801351815780466,0.008823753518251282,0.008823753518251294,2.240170247081591e-05,0.008087673994822726
2023-02-01,VNQ,0.014849629857439739,0.004791529111677031,0.5720265957375175,0.01328591232699048,0.013196994821805155,0.013196994821805128,8.891750518532499e-05,0.010944756341818324
2023-03-01,SPY,0.009561779285481641,0.004390903071412915,0.5350859406294308,0.009507276734475868,0.009300625655952046,0.009300625655952056,0.00020665107852382153,0.011843981441756758
2023-03-01,QQQ,0.015897790047190524,0.005194107064875713,0.551463097244445,0.013961151603641312,0.013279618420086825,0.013279618420086799,0.0006815331835544874,0.012943432925504933
2023-03-01,EFA,0.00796981715323113,0.004971744187804261,0.5274788565084791,0.00917565422637228,0.009152974137615323,0.009152974137615276,2.2680088756957262e-05,0.012545229932920298
2023-03-01,EEM,0.01076318600812,0.006755620603299233,0.4707244510148045,0.011822115428141745,0.01181141032396133,0.011811410323961363,1.0705104180415773e-05,0.010355437757688497
2023-03-01,AGG,0.004510552974888691,0.0013289342853604232,0.42875219541889775,0.00326284377589719,0.0027060319083895756,0.002706031908389578,0.0005568118675076143,0.0060190846871132735
2023-03-01,IEF,0.005249781517971193,0.0016846577275412256,0.5563983125451084,0.0046056273053708945,0.004356105143807496,0.004356105143807497,0.00024952216156339836,0.008908738706844301
2023-03-01,GLD,0.00880760618177644,0.005064587986070934,0.4486869709508974,0.009016446125100604,0.009045271579273866,0.009045271579273878,2.8825454173261184e-05,0.013287852130216622
2023-03-01,VNQ,0.01060938653734029,0.004792187292092527,0.571192165727098,0.010852185765391844,0.010781031000172634,0.010781031000172603,7.115476521920953e-05,0.017957954007968745
2023-04-03,SPY,0.011689418486346356,0.004396303767661803,0.5351700452618579,0.010652130388084581,0.010390951850239019,0.010390951850239022,0.0002611785378455623,0.007827886772685188
2023-04-03,QQQ,0.012781152512940187,0.005197559503210196,0.5505650214384671,0.012234415010505428,0.011757437871652853,0.011757437871652818,0.00047697713885257523,0.010213977196476804
2023-04-03,EFA,0.012513156373325353,0.005004318159030216,0.5259105235819932,0.011585118778989108,0.011556792468808355,0.011556792468808322,2.8326310180753003e-05,0.006607055349662684
2023-04-03,EEM,0.01035366281830786,0.006750950258347529,0.47087940851995197,0.011626276882247353,0.011612431868922808,0.011612431868922846,1.384501332454477e-05,0.008184137801179669
2023-04-03,AGG,0.005797441863872684,0.0013148383732125076,0.44102850504249413,0.0038716754915070484,0.0030404931065214956,0.0030404931065214987,0.0008311823849855527,0.004915817194038209
2023-04-03,IEF,0.008694511959550781,0.001663827078871037,0.5668055457944712,0.006591924675520775,0.005961816168652633,0.005961816168652635,0.000630108506868142,0.006607662002487004
2023-04-03,GLD,0.013243448697890719,0.005089707121292386,0.44695637250197556,0.011008950910717633,0.011114023209610396,0.011114023209610403,0.00010507229889276243,0.00925666699070494
2023-04-03,VNQ,0.018425947764736994,0.004815348706689932,0.5709247613990667,0.015335178537824064,0.015234673800681314,0.015234673800681298,0.00010050473714275088,0.010664305919677266
2023-05-01,SPY,0.007400736026175307,0.0043914987095058575,0.5344439399513383,0.0083467772298748,0.008193181277388537,0.008193181277388542,0.0001535959524862629,0.008352375685766193
2023-05-01,QQQ,0.01002874225493039,0.005191631793646288,0.5501514466013461,0.010708958852788287,0.010413147651821303,0.01041314765182126,0.00029581120096698436,0.011258965339019324
2023-05-01,EFA,0.006314719222707295,0.005001403982135786,0.5246037345195976,0.008314129268810724,0.00827728457261068,0.008277284572610618,3.6844696200043214e-05,0.007792164250932057
2023-05-01,EEM,0.007953196553940611,0.006713815895124302,0.47190258356092435,0.010466949896496717,0.01044609726190094,0.010446097261900987,2.0852634595776992e-05,0.009685288417218942
2023-05-01,AGG,0.004486851854695153,0.001307813813869178,0.44634042834564563,0.0033104771926172672,0.0026998720097962652,0.0026998720097962687,0.000610605182821002,0.004268457311191766
2023-05-01,IEF,0.005995193859831366,0.0016773821815222719,0.5639798995752174,0.005058551012523926,0.004703568272107214,0.004703568272107215,0.00035498274041671166,0.0055199650410733105
2023-05-01,GLD,0.008337057979330325,0.005114774492452679,0.4446523695840826,0.008821867078321792,0.008825821191342814,0.008825821191342828,3.954113021021818e-06,0.008950284592961663
2023-05-01,VNQ,0.010116027251462078,0.004825988984631392,0.5700915824325521,0.010593050968348228,0.010499929635046194,0.010499929635046156,9.312133330203337e-05,0.011276031274345783
2023-06-01,SPY,0.008021735968359768,0.004392834521027689,0.5341526530292453,0.008677666070427182,0.008511417801390926,0.008511417801390931,0.00016624826903625586,0.006618382343216645
2023-06-01,QQQ,0.01089514089099899,0.005190369392980866,0.5500699710353889,0.011183459227319162,0.010836300853475395,0.010836300853475356,0.0003471583738437669,0.010537145626022702
2023-06-01,EFA,0.008585237022122423,0.004983937694490868,0.524882430222825,0.009490177766701455,0.009478584331033948,0.009478584331033903,1.1593435667506258e-05,0.008415660518788183
2023-06-01,EEM,0.010490163972752365,0.006688526515973545,0.47310978090076083,0.011651525694735472,0.011678754825712633,0.011678754825712671,2.722913097716155e-05,0.009067067012479096
2023-06-01,AGG,0.0036100527499983957,0.0012979849908966677,0.4543619427504161,0.002938255571817421,0.002471992756514811,0.0024719927565148157,0.00046626281530261,0.003932195730886363
2023-06-01,IEF,0.004428007235751483,0.0016676741532110195,0.5679346397374927,0.004182492847402549,0.003973047006959694,0.0039730470069596945,0.000209445840442855,0.00513608341600008
2023-06-01,GLD,0.007635713129325681,0.005119378008336868,0.44322798686566095,0.008503739766931586,0.00849873376734062,0.008498733767340633,5.00599959096619e-06,0.007010325824678303
2023-06-01,VNQ,0.010761920364942008,0.00482846347762109,0.5691697063473987,0.010953822531469223,0.010867940212979845,0.01086794021297981,8.58823184893779e-05,0.011432480681412704
2023-07-03,SPY,0.006014152093327657,0.004378539045230197,0.5343844170012821,0.007592408205380138,0.007482614945490344,0.0074826149454903495,0.0001097932598897941,0.00512871448522648
2023-07-03,QQQ,0.010472240007287735,0.005189409906384776,0.5500631817788519,0.010949803565145255,0.010629754056799006,0.010629754056798963,0.0003200495083462481,0.009121298915275501
2023-07-03,EFA,0.007982125551989737,0.004988902154397686,0.5246136536415931,0.00917643420405294,0.009159486342214248,0.0091594863422142,1.694786183869222e-05,0.008921599668754653
2023-07-03,EEM,0.008592411354103211,0.006678723334550199,0.473493303298825,0.010747172569906859,0.010756677899428344,0.010756677899428389,9.505329521484682e-06,0.01173662584933489
2023-07-03,AGG,0.0037641384843720214,0.0012966830708175637,0.4556691883656778,0.0030118849988873754,0.0025120394923090154,0.00251203949230902,0.00049984550657836,0.004528253695883852
2023-07-03,IEF,0.004929084275741613,0.0016765867529322494,0.5650575637451278,0.004461803105277223,0.004206616785801365,0.0042066167858013665,0.0002551863194758582,0.005494917920482093
2023-07-03,GLD,0.006292365003066306,0.005107152710177545,0.4436753555030549,0.00789891998986797,0.00787223415284506,0.007872234152845076,2.6685837022909567e-05,0.007051778192798374
2023-07-03,VNQ,0.010403714853557799,0.0048280732950427944,0.5691156821127953,0.010748990570432361,0.010663845426222814,0.010663845426222774,8.51451442095471e-05,0.008106389929107387
2023-08-01,SPY,0.0051287144852264705,0.004355873900234203,0.535314494426252,0.007101349101949806,0.007028865166332693,0.0070288651663327015,7.248393561711322e-05,0.008250549871777427
2023-08-01,QQQ,0.009121298915275602,0.005178877949108433,0.5501822371263799,0.010197254591813185,0.009969948022333194,0.009969948022333145,0.00022730656947999098,0.012199955707637017
2023-08-01,EFA,0.008921599668754741,0.004984022411069604,0.524751082280913,0.009665641492925689,0.00965654918391733,0.009656549183917283,9.092309008359306e-06,0.00868676172950961
2023-08-01,EEM,0.011736625849334827,0.006669578324839433,0.4737832113412041,0.012230194610047474,0.01228438367564557,0.012284383675645601,5.4189065598096026e-05,0.009473011791324933
2023-08-01,AGG,0.004528253695883839,0.0012948440805385342,0.4594455378275538,0.003375330035263493,0.0027106323089389267,0.00271063230893893,0.0006646977263245661,0.004389998426794753
2023-08-01,IEF,0.0054949179204820875,0.0016738238704489005,0.5672982388345512,0.004791081129278804,0.004470371914684966,0.004470371914684967,0.0003207092145938381,0.005380461600336418
2023-08-01,GLD,0.007051778192798344,0.005073714332789948,0.4455849266710458,0.008215880401728479,0.008226403009978749,0.008226403009978763,1.0522608250270252e-05,0.004446110772043027
2023-08-01,VNQ,0.008106389929107474,0.0048156141299440305,0.5691088411244052,0.009429032308200934,0.009354898395353728,0.009354898395353677,7.413391284720634e-05,0.008524435730140884
2023-09-01,SPY,0.007610544638280972,0.004345267168449057,0.5358316713769542,0.008423238022068067,0.008300699424954545,0.008300699424954554,0.00012253859711352198,0.0068201215216444
2023-09-01,QQQ,0.011168140292856073,0.005178466033364418,0.5501627335091813,0.011322760625096143,0.01096963505569629,0.01096963505569625,0.00035312556939985293,0.009244191911359386
2023-09-01,EFA,0.007637199753491243,0.004964967622313539,0.5251765113536114,0.00897584554536273,0.00897699084338269,0.008976990843382639,1.1452980199604113e-06,0.007439176815737423
2023-09-01,EEM,0.008798115181902185,0.00665829920253941,0.47398109392222965,0.010828439460911183,0.010856624937518485,0.010856624937518523,2.818547660730225e-05,0.007594553798721247
2023-09-01,AGG,0.0038092183560616876,0.001289598778808508,0.4648354334964059,0.003060258444630909,0.0025237557080802645,0.002523755708080269,0.0005365027365506446,0.0034178275723578126
2023-09-01,IEF,0.004682726131968581,0.0016693185963706182,0.569459378394889,0.0043359409086749495,0.004091780517993035,0.004091780517993037,0.0002441603906819141,0.0036429836322774013
2023-09-01,GLD,0.004288358179297591,0.0050300424590974365,0.44879563608041007,0.006954638895915927,0.006937621986426513,0.006937621986426538,1.7016909489414242e-05,0.005495912932833449
2023-09-01,VNQ,0.008181531647265948,0.004799264164230135,0.5695437735341257,0.009459004571902855,0.009397711898933972,0.009397711898933922,6.1292672968883e-05,0.011109086180079811
2023-10-02,SPY,0.006820121521644381,0.0043396198366742285,0.5360425259736934,0.007995495004584031,0.007895640602815642,0.007895640602815654,9.98544017683893e-05,0.009098461158660236
2023-10-02,QQQ,0.009244191911359485,0.005175917282064623,0.5501236930324288,0.01026136627544221,0.010029969544284947,0.010029969544284898,0.00023139673115726324,0.012235756757596618
2023-10-02,EFA,0.007439176815737519,0.004948734852233697,0.5258741125537046,0.008860805358339758,0.008872219628927955,0.008872219628927907,1.1414270588197203e-05,0.00897593648772124
2023-10-02,EEM,0.007594553798721156,0.006626922292495266,0.47509445101845593,0.010235052660228823,0.01027184050887784,0.010271840508877885,3.678784864901731e-05,0.00955710266452807
2023-10-02,AGG,0.0034178275723577957,0.001288370757890265,0.46601596385680005,0.00288113296831893,0.0024220336156945375,0.0024220336156945423,0.0004590993526243925,0.005671884522151399
2023-10-02,IEF,0.0036429836322773947,0.0016733051327897683,0.567570401456854,0.0037409548154621972,0.003607119664823748,0.0036071196648237505,0.00013383515063844931,0.006721570613941113
2023-10-02,GLD,0.005495912932833402,0.004971423256786374,0.45336905697856156,0.007463100120381334,0.007500791408249486,0.007500791408249508,3.7691287868152346e-05,0.009402679443861327
2023-10-02,VNQ,0.011109086180079861,0.004796515344591178,0.5696336264698842,0.011124624392116544,0.011065744911003862,0.011065744911003834,5.887948111268221e-05,0.0140732227440479
2023-11-01,SPY,0.00897218050335596,0.004338792360021431,0.5360595109423433,0.009148415052736855,0.008998480914489276,0.008998480914489283,0.0001499341382475792,0.007083679265459457
2023-11-01,QQQ,0.01197858611566479,0.005176884975115269,0.5500134262363486,0.011765268166059214,0.011365460638068904,0.01136546063806887,0.00039980752799030975,0.008751858678879528
2023-11-01,EFA,0.008843290833013285,0.004947676254240415,0.52591345717922,0.009598481909071737,0.009615117055315276,0.009615117055315231,1.6635146243539067e-05,0.008340211282199016
2023-11-01,EEM,0.009440393180417768,0.006597610338151142,0.4764651830934393,0.01109562900333295,0.011168693916831937,0.011168693916831975,7.306491349898768e-05,0.01012363744269353
2023-11-01,AGG,0.005737235222682611,0.0012873866196918512,0.4722700144694714,0.003996910781322929,0.003024845457745984,0.003024845457745987,0.0009720653235769454,0.005117593123056683
2023-11-01,IEF,0.006845311460546516,0.0016854050411025893,0.5675921437920359,0.005570750047918379,0.005099838234890505,0.005099838234890505,0.0004709118130278734,0.006181330535631697
2023-11-01,GLD,0.009621684552623364,0.00501755802436149,0.44956898470362255,0.009343168979822906,0.009424934732506487,0.0094249347325065,8.17657526835814e-05,0.007061779496817562
2023-11-01,VNQ,0.013793892688226714,0.004823372349191372,0.5689075344110353,0.012670821828380838,0.012595467359010501,0.012595467359010475,7.535446937033743e-05,0.016410514204132653
2023-12-01,SPY,0.0061340804034363565,0.0043413125395176215,0.5359001359092292,0.007628567061397305,0.007544073193625151,0.007544073193625153,8.44938677721542e-05,0.006151825513952724
2023-12-01,QQQ,0.00812540339294098,0.005181157219998293,0.5497455442451075,0.009648061530461674,0.009483547927451808,0.009483547927451756,0.0001645136030098658,0.008499536273937682
2023-12-01,EFA,0.007537272693173589,0.0049430451404027026,0.5260321772157495,0.008907893105461622,0.0089241208093092,0.008924120809309145,1.6227703847578046e-05,0.007473957344740265
2023-12-01,EEM,0.009563243301464802,0.006593002041033004,0.47665713092159606,0.011151390155414389,0.011228384131929274,0.011228384131929312,7.699397651488547e-05,0.00928832836603325
2023-12-01,AGG,0.005275716839773302,0.0012697143237146227,0.48408387168485634,0.0038236037574250776,0.002904897269033575,0.0029048972690335784,0.0009187064883915026,0.004573564126427923
2023-12-01,IEF,0.0063462779193764725,0.001668294548633481,0.5742361370051338,0.005312556665417204,0.004867221003320766,0.004867221003320768,0.00044533566209643827,0.0052582114104622445
2023-12-01,GLD,0.007897630184380841,0.005023609727906912,0.4479373828579075,0.00856125352347808,0.008620884482270181,0.008620884482270195,5.963095879210102e-05,0.00948841768405732
2023-12-01,VNQ,0.015779159722832708,0.004839907566691609,0.5700998855811704,0.013835604719245546,0.013726613137638902,0.013726613137638878,0.00010899158160664404,0.012523520649582842
2024-01-02,SPY,0.006151825513952719,0.004320912838939252,0.5359106328716043,0.007617741543437336,0.007553166821345793,0.007553166821345799,6.457472209154321e-05,0.007061886911131112
2024-01-02,QQQ,0.008499536273937786,0.005160233717490246,0.5495192870966917,0.009830892831397011,0.009666276200381976,0.009666276200381926,0.00016461663101503474,0.00974039665489662
2024-01-02,EFA,0.007473957344740367,0.004920875387736704,0.5266165699662153,0.008856785168697678,0.00889062152874998,0.008890621528749924,3.3836360052301104e-05,0.007003749249591036
2024-01-02,EEM,0.009288328366033171,0.006560742874314459,0.4777160548968897,0.010997926457922698,0.011094808914505582,0.011094808914505622,9.688245658288387e-05,0.009154401644549774
2024-01-02,AGG,0.00457356412642791,0.001259878469660327,0.4902001715697859,0.0035018403891207066,0.002722408446737123,0.0027224084467371264,0.0007794319423835836,0.003369037763664646
2024-01-02,IEF,0.005258211410462237,0.0016630046237398107,0.5760274742323704,0.004691878861488203,0.004360034615660429,0.004360034615660433,0.0003318442458277735,0.004222580680882571
2024-01-02,GLD,0.009488417684057294,0.005047305073775485,0.44635031902211364,0.009282463334069523,0.009362782829995439,0.009362782829995451,8.031949592591549e-05,0.006000549043654084
2024-01-02,VNQ,0.012523520649582898,0.0048462453518144585,0.5686830476767326,0.011968159242461755,0.011871647367165075,0.011871647367165044,9.65118752966794e-05,0.010315295265542495
2024-02-01,SPY,0.007192864068106474,0.004310113838317406,0.5364646105892041,0.008168830859635224,0.008086655584099909,0.008086655584099914,8.217527553531535e-05,0.007419558064969662
2024-02-01,QQQ,0.009524996879578909,0.0051589328469356715,0.5495528184225282,0.010393421727574048,0.010167116022125219,0.010167116022125175,0.00022630570544882912,0.010471524035624931
2024-02-01,EFA,0.007053523696888133,0.0049102713251752885,0.5271034528644688,0.008628208020666377,0.008668175864713341,0.008668175864713284,3.996784404696439e-05,0.006823176991670381
2024-02-01,EEM,0.009442822884884294,0.006547250033872649,0.478313483095468,0.011063879538195251,0.011169874457648617,0.011169874457648655,0.00010599491945336575,0.009175735090573402
2024-02-01,AGG,0.0035893401457704776,0.0012586103822526443,0.4910408828212151,0.0030211231361774084,0.0024666095703782275,0.002466609570378232,0.0005545135657991809,0.004359274572847202
2024-02-01,IEF,0.004406441036705194,0.0016684599487181025,0.5737347810523599,0.004196588432132291,0.00396299423674736,0.003962994236747362,0.0002335941953849315,0.005267244113429636
2024-02-01,GLD,0.006185846886403008,0.005042580106655704,0.4450338235520579,0.007795491198419227,0.007822557112529254,0.007822557112529273,2.7065914110026984e-05,0.006775940430384482
2024-02-01,VNQ,0.010104583492023742,0.004843091790327789,0.5686003225066945,0.010588561222688309,0.010493409323191583,0.010493409323191552,9.515189949672528e-05,0.01134844653704574
2024-03-01,SPY,0.0074195580649696604,0.004310389104666722,0.5364227022232038,0.008290408491179712,0.008202826785855868,0.008202826785855872,8.758170532384424e-05,0.005890569374537938
2024-03-01,QQQ,0.010471524035625016,0.005159272672517647,0.5495360267889614,0.01091375238548013,0.010629404372844344,0.010629404372844304,0.000284348012635785,0.00901380609902898
2024-03-01,EFA,0.006823176991670496,0.004888894732866833,0.5280146311175486,0.008491632015173476,0.008546302589197587,0.008546302589197526,5.467057402411095e-05,0.0057020917486246304
2024-03-01,EEM,0.009175735090573317,0.006527752635999316,0.4790987492057481,0.010923835840936284,0.011040102278700645,0.011040102278700687,0.0001162664377643615,0.006259497376497496
2024-03-01,AGG,0.004359274572847188,0.0012578020469624545,0.4947141903278556,0.0034143970376853596,0.0026667147955980975,0.002666714795598101,0.0007476822420872621,0.0031287598005085735
2024-03-01,IEF,0.005267244113429631,0.0016735477452643893,0.5746430659430602,0.004700333051676129,0.004364245078854828,0.00436424507885483,0.0003360879728213006,0.003818026165262027
2024-03-01,GLD,0.0067759404303844445,0.00501420426155109,0.4470128128939045,0.008043136453338776,0.008097760070417855,0.008097760070417872,5.462361707907898e-05,0.007038855360223348
2024-03-01,VNQ,0.011348446537045791,0.00484766336505863,0.5683429012638102,0.011297472394760474,0.011202125283333336,0.011202125283333308,9.534711142713745e-05,0.01020273780822844
2024-04-01,SPY,0.00589056937453793,0.004299379716775052,0.5366982579390833,0.007460838038358875,0.007419283965593529,0.007419283965593536,4.15540727653459e-05,0.008083211669071734
2024-04-01,QQQ,0.00901380609902908,0.005161025256925247,0.5493916117627428,0.010113134717787674,0.009917448021229857,0.009917448021229808,0.0001956866965578171,0.011492513999702672
2024-04-01,EFA,0.005702091748624766,0.004863157664393425,0.5292880027424585,0.00788120641747728,0.0079531517969027,0.00795315179690263,7.194537942542024e-05,0.007591252028464784
2024-04-01,EEM,0.006259497376497378,0.006487577324715866,0.48080950949589346,0.009497203188000403,0.009623165486578853,0.00962316548657891,0.00012596229857845045,0.008987778084083513
2024-04-01,AGG,0.003128759800508554,0.0012601281517187531,0.49287420318846864,0.0028022131453625185,0.002346905176758094,0.0023469051767580993,0.0004553079686044244,0.0039060819050629313
2024-04-01,IEF,0.0038180261652620176,0.0016867809948227716,0.5694006606436702,0.0038607676156777833,0.00368871319726321,0.003688713197263214,0.00017205441841457343,0.004713392012817025
2024-04-01,GLD,0.007038855360223319,0.0050028739267185245,0.44783894012089603,0.008155147450905224,0.008220376165955086,0.0082203761659551,6.522871504986184e-05,0.011115221460389945
2024-04-01,VNQ,0.010202737808228494,0.004836871987462454,0.5681549298147738,0.010633607770815054,0.010549334716850878,0.01054933471685085,8.427305396417617e-05,0.012861574779898157
2024-05-01,SPY,0.008645603320592984,0.004291534816692289,0.5369306460473716,0.008933624193087582,0.008831123753238345,0.008831123753238353,0.00010250043984923705,0.005957943578024068
2024-05-01,QQQ,0.01206590727001345,0.005153562086283797,0.549265856241415,0.01178095297427725,0.011408108703862769,0.011408108703862732,0.0003728442704144814,0.007582440867473582
2024-05-01,EFA,0.007778364497669309,0.004840752580691246,0.5304427791925603,0.008966729862407697,0.00905167916915696,0.00905167916915691,8.494930674926224e-05,0.0073389510255174265
2024-05-01,EEM,0.009526001402232547,0.006442078886464304,0.48302905011577035,0.011043414295186188,0.011210289099080624,0.011210289099080662,0.00016687480389443628,0.008378768218616356
2024-05-01,AGG,0.004087560454244661,0.001263815458415525,0.49378817082048404,0.003282204458235143,0.002596096554633325,0.0025960965546333297,0.000686107903601818,0.0032048632887609497
2024-05-01,IEF,0.00488909683853442,0.0016960574256115642,0.5683160816924847,0.00447460978390256,0.0041879772231801895,0.004187977223180192,0.00028663256072237065,0.0037584093498162306
2024-05-01,GLD,0.011726122027047179,0.005022637407833602,0.4465767689456762,0.010259251094935053,0.010406384917074626,0.010406384917074636,0.00014713382213957238,0.010413051623865834
2024-05-01,VNQ,0.013068375368475193,0.004864160407336938,0.5672374393973938,0.012277032188434778,0.012182089289837255,0.012182089289837234,9.494289859752342e-05,0.010235385448038132
2024-06-03,SPY,0.005438008622246569,0.004285708761834279,0.5369819826621788,0.007205821413542264,0.00718736548875359,0.007187365488753595,1.8455924788674145e-05,0.004058445878161627
2024-06-03,QQQ,0.006150247754422742,0.005157228006727351,0.5486736006144697,0.008531706586817534,0.008518872548925534,0.008518872548925464,1.2834037892000064e-05,0.0075725805933174175
2024-06-03,EFA,0.006815129442448454,0.004828277092066907,0.5309808586114212,0.008446980374966164,0.008542044741521242,0.008542044741521182,9.506436655507856e-05,0.007167282183826518
2024-06-03,EEM,0.006610456992299907,0.00642911643927385,0.48341993217459317,0.009624743110134537,0.009793689168437588,0.00979368916843764,0.0001689460583030513,0.0069076842694861945
2024-06-03,AGG,0.003210875400509594,0.0012653189976118589,0.4934287108276887,0.0028496571071136463,0.0023682469430883267,0.0023682469430883323,0.0004814101640253196,0.0038259743890645768
2024-06-03,IEF,0.0038331624401865354,0.0017000256011979555,0.5665308678859925,0.003871630445184822,0.003695768751807629,0.003695768751807634,0.00017586169337719315,0.004892318664479877
2024-06-03,GLD,0.010642171386419258,0.005032035929629487,0.4462913301342257,0.009781544753190935,0.009900860961511014,0.009900860961511024,0.00011931620832007946,0.011653239857780379
2024-06-03,VNQ,0.010549129755518654,0.004862414608516619,0.5662670305537812,0.010836038990100702,0.010746698488121022,0.01074669848812099,8.93405019796803e-05,0.006471482295166148
2024-07-01,SPY,0.003919594298971112,0.004261069162984477,0.5378810802729542,0.006369344778746771,0.00640924158984493,0.006409241589844935,3.9896811098159325e-05,0.008750147126717992
2024-07-01,QQQ,0.0074159481271407505,0.005136586064685953,0.5489432895765756,0.00920752102492784,0.009137046611941944,0.009137046611941887,7.04744129858964e-05,0.013963340629683532
2024-07-01,EFA,0.007177689615551819,0.004821077865646896,0.5312715176842282,0.008634379921167435,0.008733870345564146,0.00873387034556409,9.949042439671117e-05,0.008373658584818599
2024-07-01,EEM,0.0072166005018738915,0.0064004247696040255,0.48469268585492076,0.009898258249599251,0.010088201181596075,0.010088201181596125,0.0001899429319968237,0.008693555058455094
2024-07-01,AGG,0.0039937378387959145,0.0012678385316254677,0.49447221073805064,0.003242630909883088,0.002571712146124186,0.0025717121461241903,0.000670918763758902,0.00278034565849662
2024-07-01,IEF,0.005038941740864749,0.0017074287175667838,0.5657961812278535,0.004558442711977691,0.004257825246347518,0.004257825246347521,0.00030061746563017286,0.003125664669499909
2024-07-01,GLD,0.011835217276032766,0.005034190410132531,0.44749579870764034,0.010330400417949278,0.01045726385909771,0.010457263859097718,0.00012686344114843165,0.010295425136324705
2024-07-01,VNQ,0.006439638798694854,0.004852027648524176,0.5664232032018541,0.008499588484343856,0.008405233452388248,0.008405233452388194,9.435503195560739e-05,0.009232554810217225
2024-08-01,SPY,0.009854800184848748,0.004250742716724827,0.5383824969171832,0.009556394646863614,0.009450786623997585,0.009450786623997592,0.0001056080228660286,0.012001596038834411
2024-08-01,QQQ,0.016076894822099633,0.00515376986432133,0.5481804922261165,0.013966809981367411,0.013367094041329982,0.013367094041329953,0.0005997159400374288,0.015648014522673014
2024-08-01,EFA,0.010490000644376211,0.0048083114997123,0.5317646214749152,0.010386522721640633,0.010486368581770203,0.010486368581770163,9.984586012956945e-05,0.010371799415002379
2024-08-01,EEM,0.010171194305957174,0.006349226712663305,0.48716757974880937,0.011304302825851332,0.011523774367750844,0.011523774367750877,0.00021947154189951197,0.011973580444496585
2024-08-01,AGG,0.0028209035798013762,0.0012679926587740194,0.4951003009591984,0.002664622870110561,0.0022668936378354293,0.002266893637835436,0.00039772923227513173,0.0038208399263799033
2024-08-01,IEF,0.0032086013455408457,0.0017098539253140648,0.5648638484720295,0.0035222768295687995,0.0034046386757770456,0.0034046386757770513,0.00011763815379175384,0.005089955251777209
2024-08-01,GLD,0.01079674152062328,0.005040652760327047,0.44658710917675876,0.00986233834455088,0.009972948105266517,0.009972948105266524,0.00011060976071563741,0.009436597908737744
2024-08-01,VNQ,0.0094161348597554,0.00484069624167385,0.566608748669287,0.01017596063186111,0.01010115188345256,0.010101151883452519,7.480874840854954e-05,0.01045444358434215
2024-09-03,SPY,0.009951908994440461,0.004308111488005853,0.5353676111459222,0.00963604123270106,0.009500550831552532,0.009500550831552535,0.00013549040114852785,0.007345136626350086
2024-09-03,QQQ,0.014709429551277003,0.005207416054093891,0.5468687139487927,0.013251542875721112,0.012699217519588135,0.012699217519588107,0.0005523253561329766,0.011398819885464394
2024-09-03,EFA,0.008610743974908509,0.004839216778161332,0.5303241215430652,0.009405702012486928,0.00949207970914899,0.009492079709148935,8.63776966620617e-05,0.009879216911024759
2024-09-03,EEM,0.010305135230898895,0.006401865470158985,0.484252400441779,0.011392151942598922,0.011588853364433693,0.01158885336443373,0.00019670142183477075,0.0139046699586452
2024-09-03,AGG,0.0030988825207535395,0.0012691867300707858,0.49661191071963096,0.0028081286997978672,0.002339140100169645,0.002339140100169651,0.0004689885996282221,0.0021973004653022227
2024-09-03,IEF,0.00407266524130136,0.0017162104365628754,0.5646816526792691,0.004015969775830341,0.0038074095012809086,0.003807409501280913,0.00020856027454943266,0.0027908757241472577
2024-09-03,GLD,0.009136619885095216,0.00504444179809771,0.4466428612724902,0.009125247845935769,0.009198714275373006,0.009198714275373013,7.346642943723697e-05,0.008323141583255207
2024-09-03,VNQ,0.007797139262916733,0.004854650685098297,0.5659758509648816,0.009267643214519283,0.009178696615189125,0.009178696615189079,8.894659933015789e-05,0.006721499208074311
2024-10-01,SPY,0.007345136626350082,0.004308879755284909,0.5339883984806671,0.00823109749901128,0.00816468890800963,0.008164688908009634,6.64085910016491e-05,0.005533280921617762
2024-10-01,QQQ,0.01139881988546447,0.005215142854344211,0.5455835392972492,0.011434151351267782,0.01108230006243203,0.011082300062431993,0.00035185128883575244,0.007942022305642844
2024-10-01,EFA,0.00987921691102484,0.004835945957255354,0.5297636453476602,0.010069595921220125,0.010163211303940066,0.010163211303940023,9.361538271994083e-05,0.0067284155814974255
2024-10-01,EEM,0.013904669958645146,0.006396509524601142,0.4839390429666277,0.013125522197154692,0.013337789387600066,0.013337789387600092,0.00021226719044537337,0.010525885857694888
2024-10-01,AGG,0.00219730046530219,0.0012702318397149392,0.49463872035213596,0.0023571017301011674,0.0021048197815611218,0.0021048197815611304,0.0002522819485400456,0.002880731229554875
2024-10-01,IEF,0.0027908757241472434,0.0017223090617656902,0.5612183612876772,0.0032885997622291658,0.003209921949168847,0.003209921949168853,7.867781306031881e-05,0.003493185805199899
2024-10-01,GLD,0.008323141583255195,0.005043046873854161,0.4459275245235302,0.008754564796334005,0.008819330977372357,0.008819330977372364,6.47661810383518e-05,0.006552872734965439
2024-10-01,VNQ,0.0067214992080744,0.004829919950401554,0.5660752983173354,0.008634794619752004,0.00856582908344169,0.00856582908344164,6.896553631031456e-05,0.008622513639559971
2024-11-01,SPY,0.007008569049903447,0.004290351842851538,0.5341361333628724,0.008033881815573666,0.007992212087410392,0.0079922120874104,4.1669728163273856e-05,0.007486634989469636
2024-11-01,QQQ,0.009946950811872865,0.005207374434572232,0.5443429481124034,0.010621926964236172,0.010373200323239684,0.010373200323239639,0.000248726640996488,0.010309701044789742
2024-11-01,EFA,0.006491871614297512,0.004823684533359907,0.5299162413841448,0.008263832738756865,0.008371013467964969,0.008371013467964906,0.00010718072920810374,0.008753980502819989
2024-11-01,EEM,0.008907105539299255,0.006427690764400033,0.4823152867429465,0.01072372392663684,0.01090958099341098,0.010909580993411015,0.00018585706677414111,0.010525692366487482
2024-11-01,AGG,0.0026072076939732992,0.001272407117144429,0.4944091091479054,0.002561434350485333,0.002211354280380607,0.002211354280380614,0.00035008007010472585,0.003859922017919532
2024-11-01,IEF,0.0030100323297866313,0.001722433311298975,0.5610839358007054,0.003411314097783025,0.0033120786153611184,0.0033120786153611236,9.923548242190671e-05,0.004622490579018564
2024-11-01,GLD,0.007748988762699463,0.005030118841068406,0.4465115335777804,0.00849013169717833,0.00855156232254025,0.008551562322540257,6.14306253619197e-05,0.01385853224775688
2024-11-01,VNQ,0.009489136714635865,0.004818145971486322,0.566604551785618,0.010194734026515027,0.01014274615693853,0.010142746156938498,5.198786957649748e-05,0.010361342318862054
2024-12-02,SPY,0.0074866349894696345,0.0043002861653971556,0.533607738585915,0.008295212531746234,0.008237200907081313,0.008237200907081316,5.801162466492066e-05,0.009225466856669026
2024-12-02,QQQ,0.010309701044789826,0.005223015902966071,0.5436533509162731,0.010827919422911062,0.010550369256879862,0.010550369256879822,0.0002775501660312006,0.012714045227875285
2024-12-02,EFA,0.008753980502820082,0.004818206182858383,0.5300811009665563,0.009458525805633021,0.009567864187219095,0.009567864187219045,0.000109338381586074,0.007133382968047208
2024-12-02,EEM,0.010525692366487422,0.006426735204731586,0.4812142795679762,0.011491848673824977,0.011696017303323841,0.011696017303323869,0.00020416862949886386,0.008925733906360825
2024-12-02,AGG,0.0038599220179195122,0.0012761974091441885,0.4948797402646781,0.003186394614814109,0.002536933541566753,0.0025369335415667583,0.0006494610732473557,0.002892422849948768
2024-12-02,IEF,0.004622490579018556,0.0017279337056796897,0.5604430099079967,0.004318576239056208,0.004063702590532578,0.004063702590532582,0.00025487364852362984,0.0034503474442737618
2024-12-02,GLD,0.013858532247756872,0.005079459817691734,0.4432423710706346,0.011222148510746342,0.01140088080023862,0.011400880800238626,0.00017873228949227826,0.008760964907686821
2024-12-02,VNQ,0.010361342318862113,0.004834940637330621,0.5658827308787332,0.010698245324297698,0.010639702823280573,0.010639702823280542,5.8542501017125326e-05,0.011584048352218069
