date,allocator_id,profile,SPY,QQQ,EFA,EEM,AGG,IEF,GLD,VNQ
2012-02-01,one_over_n,,0.125,0.125,0.125,0.125,0.125,0.125,0.125,0.125
2012-02-01,static_bucket,conservative,0.1,0.1,0.05,0.05,0.3,0.3,0.05,0.05
2012-02-01,static_bucket,balanced,0.175,0.175,0.1,0.1,0.175,0.175,0.05,0.05
2012-02-01,static_bucket,growth,0.275,0.275,0.125,0.125,0.05,0.05,0.05,0.05
2012-02-01,rb_classical,conservative,0.1137988550885031,0.09124454150364751,0.022437392669550884,0.017384656947419166,0.39356339750613173,0.28871733293914464,0.03973308556367195,0.03312073778193111
2012-02-01,rb_classical,balanced,0.13225454760717412,0.11276304449093023,0.03216497108131671,0.0260759802975483,0.31096300068886457,0.3140415935828627,0.043891273453605016,0.02784558879769844
2012-02-01,rb_classical,growth,0.15410889197277008,0.13407167879696552,0.037451371912454595,0.030826200406268437,0.20132710763131742,0.3651237598824475,0.04965597434162201,0.02743501505615439
2012-02-01,rb_advisor,conservative,0.08735670359725001,0.06583854788851363,0.021951997221542854,0.018370476895391164,0.4199382713551853,0.31513188186509095,0.044362522668833816,0.027049598508192347
2012-02-01,rb_advisor,balanced,0.1027326723005287,0.08233410631397876,0.031843767484590904,0.027882684021626008,0.33575238546033254,0.34685366414976265,0.049588588522041746,0.023012131747138828
2012-02-01,rb_advisor,growth,0.12127744504588395,0.09917550068559546,0.03756326900892207,0.033393989095437525,0.22022519788491673,0.4085578721180936,0.05683677767233093,0.022969948488819787
2020-03-02,one_over_n,,0.125,0.125,0.125,0.125,0.125,0.125,0.125,0.125
2020-03-02,static_bucket,conservative,0.1,0.1,0.05,0.05,0.3,0.3,0.05,0.05
2020-03-02,static_bucket,balanced,0.175,0.175,0.1,0.1,0.175,0.175,0.05,0.05
2020-03-02,static_bucket,growth,0.275,0.275,0.125,0.125,0.05,0.05,0.05,0.05
2020-03-02,rb_classical,conservative,0.04258693958045338,0.03515254654432447,0.026066023645652216,0.027769821526956676,0.47751022481534483,0.3334804292045519,0.03899676664788209,0.018437248034834305
2020-03-02,rb_classical,balanced,0.05571332740019626,0.04695335024025455,0.04123010312459027,0.041456166086908594,0.4026680921187944,0.3361063965643805,0.05611616574866806,0.019756398716207362
2020-03-02,rb_classical,growth,0.07238439364581908,0.061617462891373244,0.05327920518084531,0.05274416084582574,0.30106486087015594,0.3541728849508343,0.08149272327816907,0.02324430833697736
2020-03-02,rb_advisor,conservative,0.053598029870698845,0.0456337624428347,0.026555000558265623,0.027768933027637346,0.4697576553507655,0.3163663082170718,0.03962668162822431,0.020693628904501816
2020-03-02,rb_advisor,balanced,0.06951253139201478,0.06042653298500633,0.041640655127782006,0.04109669010980046,0.39270824696788903,0.316102734688029,0.056529963530561084,0.021982645198917357
2020-03-02,rb_advisor,growth,0.08938516456275881,0.07848404971421556,0.05325708327571195,0.05174979135015973,0.290602517370591,0.32967293740687786,0.08125049988608807,0.025597956433596997
2022-06-01,one_over_n,,0.125,0.125,0.125,0.125,0.125,0.125,0.125,0.125
2022-06-01,static_bucket,conservative,0.1,0.1,0.05,0.05,0.3,0.3,0.05,0.05
2022-06-01,static_bucket,balanced,0.175,0.175,0.1,0.1,0.175,0.175,0.05,0.05
2022-06-01,static_bucket,growth,0.275,0.275,0.125,0.125,0.05,0.05,0.05,0.05
2022-06-01,rb_classical,conservative,0.05536835591366269,0.040717618729748016,0.03315989070687999,0.03278521435048983,0.3570234534041317,0.3183810540267248,0.12472393547164148,0.03784047739672143
2022-06-01,rb_classical,balanced,0.07889367848816513,0.05933543678802305,0.055307711763898725,0.05538931323557068,0.275113184479443,0.27491184068628993,0.16364843148823952,0.03740040307036986
2022-06-01,rb_classical,growth,0.10475209303683812,0.07986874734716128,0.07171047753067175,0.07269192172432738,0.18703814680297615,0.22418367240816497,0.21808508658794712,0.0416698545619133
2022-06-01,rb_advisor,conservative,0.05539615575177657,0.041740771193620206,0.029408611217663715,0.02819476153590519,0.4251265978252302,0.29861541685483356,0.0879043134157841,0.03361337220518649
2022-06-01,rb_advisor,balanced,0.08133750128361827,0.06267911631155736,0.05054494582849013,0.04908479730999394,0.33756977790724507,0.26569848533448875,0.11885100245302942,0.034234373571577076
2022-06-01,rb_advisor,growth,0.11191177117272431,0.08742789552392309,0.06791083973136747,0.06675312733807537,0.23781912243353137,0.22452466906795787,0.16412751664716208,0.03952505808525855
2024-12-02,one_over_n,,0.125,0.125,0.125,0.125,0.125,0.125,0.125,0.125
2024-12-02,static_bucket,conservative,0.1,0.1,0.05,0.05,0.3,0.3,0.05,0.05
2024-12-02,static_bucket,balanced,0.175,0.175,0.1,0.1,0.175,0.175,0.05,0.05
2024-12-02,static_bucket,growth,0.275,0.275,0.125,0.125,0.05,0.05,0.05,0.05
2024-12-02,rb_classical,conservative,0.1117706120606939,0.09101990213627643,0.0341753473052253,0.0326491008641915,0.3387527481962108,0.3028320684022826,0.04409268039451902,0.04470754064060045
2024-12-02,rb_classical,balanced,0.163411214563266,0.1288187135144782,0.06827592049321536,0.06314388311399065,0.2443969386375823,0.22957173503787734,0.049420020594626364,0.05296157404496378
2024-12-02,rb_classical,growth,0.21744193466797082,0.16871351095137904,0.09632129667375401,0.08754944251140052,0.15184540857514958,0.15219210915346387,0.05933491146307138,0.06660138600381085
2024-12-02,rb_advisor,conservative,0.09328904614997659,0.08014589812849798,0.029250880085469555,0.02765514117827076,0.3794946673249417,0.2997651828284153,0.05035604400441044,0.04004314030001774
2024-12-02,rb_advisor,balanced,0.14109534938031104,0.11734152046106551,0.060453491106364984,0.05533039347054884,0.28323468605737295,0.23508534268634776,0.05838695772086517,0.04907225911712361
2024-12-02,rb_advisor,growth,0.19414151710479524,0.15891573151024216,0.0881902170099447,0.07932866302851825,0.18196867073822817,0.16115491721752298,0.0724882311928103,0.06381205219793815
