method,scope,index,name,mean_abs_attribution
integrated_gradients_T12A3,lag,0,lag_0,0.00011302563287809637
integrated_gradients_T12A3,lag,1,lag_1,0.00014266657321928715
integrated_gradients_T12A3,lag,2,lag_2,0.00017588366545123532
integrated_gradients_T12A3,lag,3,lag_3,0.00021842040410590232
integrated_gradients_T12A3,lag,4,lag_4,0.0002592052410398562
integrated_gradients_T12A3,lag,5,lag_5,0.0003130427541509022
integrated_gradients_T12A3,lag,6,lag_6,0.0003756756020373451
integrated_gradients_T12A3,lag,7,lag_7,0.00045192559552328666
integrated_gradients_T12A3,lag,8,lag_8,0.0005377975411188588
integrated_gradients_T12A3,lag,9,lag_9,0.0006664463244209327
integrated_gradients_T12A3,lag,10,lag_10,0.0007825535889226659
integrated_gradients_T12A3,lag,11,lag_11,0.0009372608885752195
integrated_gradients_T12A3,lag,12,lag_12,0.001134998959616199
integrated_gradients_T12A3,lag,13,lag_13,0.0013554262648098352
integrated_gradients_T12A3,lag,14,lag_14,0.0016220467618789543
integrated_gradients_T12A3,lag,15,lag_15,0.0019479561106770437
integrated_gradients_T12A3,lag,16,lag_16,0.002338245287386266
integrated_gradients_T12A3,lag,17,lag_17,0.00282518780279478
integrated_gradients_T12A3,lag,18,lag_18,0.003424106092757181
integrated_gradients_T12A3,lag,19,lag_19,0.004140480186642214
integrated_gradients_T12A3,lag,20,lag_20,0.005031530214172455
integrated_gradients_T12A3,lag,21,lag_21,0.006179799540027627
integrated_gradients_T12A3,lag,22,lag_22,0.00749823116071949
integrated_gradients_T12A3,lag,23,lag_23,0.009156932793170898
integrated_gradients_T12A3,lag,24,lag_24,0.011183982034391565
integrated_gradients_T12A3,lag,25,lag_25,0.013798759525988304
integrated_gradients_T12A3,lag,26,lag_26,0.01670593710317331
integrated_gradients_T12A3,lag,27,lag_27,0.020367652173075373
integrated_gradients_T12A3,lag,28,lag_28,0.024549825773877796
integrated_gradients_T12A3,lag,29,lag_29,0.031579779827147096
integrated_gradients_T12A3,channel,0,ret,0.004862404606283875
integrated_gradients_T12A3,channel,1,vol_10,0.016090766983360618
integrated_gradients_T12A3,channel,2,mom_5,0.00356315164025977
integrated_gradients_T12A3,channel,3,mom_20,0.0029263917159862403
integrated_gradients_T12A3,channel,4,px_ma20,0.004028275153417618
integrated_gradients_T12A3,channel,5,px_ma50,0.0024919661854419747
integrated_gradients_T12A3,lag_channel,0,lag_0|ret,7.151142837372592e-05
integrated_gradients_T12A3,lag_channel,0,lag_0|vol_10,0.00034729409591040364
integrated_gradients_T12A3,lag_channel,0,lag_0|mom_5,1.0469514081501898e-05
integrated_gradients_T12A3,lag_channel,0,lag_0|mom_20,7.198171099589324e-05
integrated_gradients_T12A3,lag_channel,0,lag_0|px_ma20,0.0001164933116336985
integrated_gradients_T12A3,lag_channel,0,lag_0|px_ma50,6.040373627335713e-05
integrated_gradients_T12A3,lag_channel,1,lag_1|ret,9.013771118102068e-05
integrated_gradients_T12A3,lag_channel,1,lag_1|vol_10,0.00044643482505545647
integrated_gradients_T12A3,lag_channel,1,lag_1|mom_5,1.3811914997786156e-05
integrated_gradients_T12A3,lag_channel,1,lag_1|mom_20,9.001607843377758e-05
integrated_gradients_T12A3,lag_channel,1,lag_1|px_ma20,0.00014120674521894005
integrated_gradients_T12A3,lag_channel,1,lag_1|px_ma50,7.43921644287418e-05
integrated_gradients_T12A3,lag_channel,2,lag_2|ret,0.00010816534598096652
integrated_gradients_T12A3,lag_channel,2,lag_2|vol_10,0.0005503485603013389
integrated_gradients_T12A3,lag_channel,2,lag_2|mom_5,1.818664311518833e-05
integrated_gradients_T12A3,lag_channel,2,lag_2|mom_20,0.00011316260264364282
integrated_gradients_T12A3,lag_channel,2,lag_2|px_ma20,0.00017089667214142422
integrated_gradients_T12A3,lag_channel,2,lag_2|px_ma50,9.454216852485216e-05
integrated_gradients_T12A3,lag_channel,3,lag_3|ret,0.00012998764337792591
integrated_gradients_T12A3,lag_channel,3,lag_3|vol_10,0.0006869517095761743
integrated_gradients_T12A3,lag_channel,3,lag_3|mom_5,2.3332634076798872e-05
integrated_gradients_T12A3,lag_channel,3,lag_3|mom_20,0.0001437802862401851
integrated_gradients_T12A3,lag_channel,3,lag_3|px_ma20,0.00020683422935201674
integrated_gradients_T12A3,lag_channel,3,lag_3|px_ma50,0.0001196359220123135
integrated_gradients_T12A3,lag_channel,4,lag_4|ret,0.0001518081849410472
integrated_gradients_T12A3,lag_channel,4,lag_4|vol_10,0.0008024743743632385
integrated_gradients_T12A3,lag_channel,4,lag_4|mom_5,2.9496628936768395e-05
integrated_gradients_T12A3,lag_channel,4,lag_4|mom_20,0.00017680762712788268
integrated_gradients_T12A3,lag_channel,4,lag_4|px_ma20,0.00024855872061247357
integrated_gradients_T12A3,lag_channel,4,lag_4|px_ma50,0.00014608591025772822
integrated_gradients_T12A3,lag_channel,5,lag_5|ret,0.00018043838687925739
integrated_gradients_T12A3,lag_channel,5,lag_5|vol_10,0.0009632861951211221
integrated_gradients_T12A3,lag_channel,5,lag_5|mom_5,3.711067869400372e-05
integrated_gradients_T12A3,lag_channel,5,lag_5|mom_20,0.00021935367741287974
integrated_gradients_T12A3,lag_channel,5,lag_5|px_ma20,0.0002978334288568966
integrated_gradients_T12A3,lag_channel,5,lag_5|px_ma50,0.0001802341579412495
integrated_gradients_T12A3,lag_channel,6,lag_6|ret,0.00021182656674232337
integrated_gradients_T12A3,lag_channel,6,lag_6|vol_10,0.0011566260066221815
integrated_gradients_T12A3,lag_channel,6,lag_6|mom_5,4.561811100498657e-05
integrated_gradients_T12A3,lag_channel,6,lag_6|mom_20,0.00026553908611483425
integrated_gradients_T12A3,lag_channel,6,lag_6|px_ma20,0.0003556113579310669
integrated_gradients_T12A3,lag_channel,6,lag_6|px_ma50,0.0002188324838086798
integrated_gradients_T12A3,lag_channel,7,lag_7|ret,0.0002517575479123239
integrated_gradients_T12A3,lag_channel,7,lag_7|vol_10,0.0013896714052830422
integrated_gradients_T12A3,lag_channel,7,lag_7|mom_5,5.622153576469015e-05
integrated_gradients_T12A3,lag_channel,7,lag_7|mom_20,0.000327425236254624
integrated_gradients_T12A3,lag_channel,7,lag_7|px_ma20,0.0004231530167756577
integrated_gradients_T12A3,lag_channel,7,lag_7|px_ma50,0.0002633248311493841
integrated_gradients_T12A3,lag_channel,8,lag_8|ret,0.00031080247940761045
integrated_gradients_T12A3,lag_channel,8,lag_8|vol_10,0.0016526920451877944
integrated_gradients_T12A3,lag_channel,8,lag_8|mom_5,6.877062607323164e-05
integrated_gradients_T12A3,lag_channel,8,lag_8|mom_20,0.00038540615930103566
integrated_gradients_T12A3,lag_channel,8,lag_8|px_ma20,0.0005024516577937317
integrated_gradients_T12A3,lag_channel,8,lag_8|px_ma50,0.00030666227894974354
integrated_gradients_T12A3,lag_channel,9,lag_9|ret,0.0003970804014175026
integrated_gradients_T12A3,lag_channel,9,lag_9|vol_10,0.002023301902683012
integrated_gradients_T12A3,lag_channel,9,lag_9|mom_5,8.887862027584563e-05
integrated_gradients_T12A3,lag_channel,9,lag_9|mom_20,0.00048769942324384613
integrated_gradients_T12A3,lag_channel,9,lag_9|px_ma20,0.0005988787713459477
integrated_gradients_T12A3,lag_channel,9,lag_9|px_ma50,0.0004028388275594318
integrated_gradients_T12A3,lag_channel,10,lag_10|ret,0.00045857555365956895
integrated_gradients_T12A3,lag_channel,10,lag_10|vol_10,0.0024179282729608616
integrated_gradients_T12A3,lag_channel,10,lag_10|mom_5,0.00010388700762824228
integrated_gradients_T12A3,lag_channel,10,lag_10|mom_20,0.0005507418286224082
integrated_gradients_T12A3,lag_channel,10,lag_10|px_ma20,0.0007159985030416779
integrated_gradients_T12A3,lag_channel,10,lag_10|px_ma50,0.00044819036762322966
integrated_gradients_T12A3,lag_channel,11,lag_11|ret,0.0005268295017608541
integrated_gradients_T12A3,lag_channel,11,lag_11|vol_10,0.0028886071579750476
integrated_gradients_T12A3,lag_channel,11,lag_11|mom_5,0.00013125775297768974
integrated_gradients_T12A3,lag_channel,11,lag_11|mom_20,0.000671052208325062
integrated_gradients_T12A3,lag_channel,11,lag_11|px_ma20,0.0008455450656698966
integrated_gradients_T12A3,lag_channel,11,lag_11|px_ma50,0.0005602736447427625
integrated_gradients_T12A3,lag_channel,12,lag_12|ret,0.0006493189966888906
integrated_gradients_T12A3,lag_channel,12,lag_12|vol_10,0.003450142934546522
integrated_gradients_T12A3,lag_channel,12,lag_12|mom_5,0.00016245173055640254
integrated_gradients_T12A3,lag_channel,12,lag_12|mom_20,0.0008308875995735521
integrated_gradients_T12A3,lag_channel,12,lag_12|px_ma20,0.0010185208970259058
integrated_gradients_T12A3,lag_channel,12,lag_12|px_ma50,0.0006986715993059122
integrated_gradients_T12A3,lag_channel,13,lag_13|ret,0.0007566900114889655
integrated_gradients_T12A3,lag_channel,13,lag_13|vol_10,0.004139212746791233
integrated_gradients_T12A3,lag_channel,13,lag_13|mom_5,0.00018738402403007222
integrated_gradients_T12A3,lag_channel,13,lag_13|mom_20,0.0009909826063677634
integrated_gradients_T12A3,lag_channel,13,lag_13|px_ma20,0.0012326562413388503
integrated_gradients_T12A3,lag_channel,13,lag_13|px_ma50,0.0008256319588421131
integrated_gradients_T12A3,lag_channel,14,lag_14|ret,0.0009591089409090183
integrated_gradients_T12A3,lag_channel,14,lag_14|vol_10,0.004951693449364781
integrated_gradients_T12A3,lag_channel,14,lag_14|mom_5,0.00023101356805622447
integrated_gradients_T12A3,lag_channel,14,lag_14|mom_20,0.0011654747866041925
integrated_gradients_T12A3,lag_channel,14,lag_14|px_ma20,0.0014817923946226102
integrated_gradients_T12A3,lag_channel,14,lag_14|px_ma50,0.0009431974317168949
integrated_gradients_T12A3,lag_channel,15,lag_15|ret,0.0011290256113666638
integrated_gradients_T12A3,lag_channel,15,lag_15|vol_10,0.00594484131162734
integrated_gradients_T12A3,lag_channel,15,lag_15|mom_5,0.0002764057320038502
integrated_gradients_T12A3,lag_channel,15,lag_15|mom_20,0.0014036616144000125
integrated_gradients_T12A3,lag_channel,15,lag_15|px_ma20,0.0017814572889688631
integrated_gradients_T12A3,lag_channel,15,lag_15|px_ma50,0.0011523451056955122
integrated_gradients_T12A3,lag_channel,16,lag_16|ret,0.0013744821622653476
integrated_gradients_T12A3,lag_channel,16,lag_16|vol_10,0.007062466867814385
integrated_gradients_T12A3,lag_channel,16,lag_16|mom_5,0.00034932357511747677
integrated_gradients_T12A3,lag_channel,16,lag_16|mom_20,0.0017044199692352194
integrated_gradients_T12A3,lag_channel,16,lag_16|px_ma20,0.00213438099732398
integrated_gradients_T12A3,lag_channel,16,lag_16|px_ma50,0.0014043981525611831
integrated_gradients_T12A3,lag_channel,17,lag_17|ret,0.001686746228042294
integrated_gradients_T12A3,lag_channel,17,lag_17|vol_10,0.008481803989130371
integrated_gradients_T12A3,lag_channel,17,lag_17|mom_5,0.00045254634131421204
integrated_gradients_T12A3,lag_channel,17,lag_17|mom_20,0.0020664233918296572
integrated_gradients_T12A3,lag_channel,17,lag_17|px_ma20,0.002563757700630005
integrated_gradients_T12A3,lag_channel,17,lag_17|px_ma50,0.0016998491658221477
integrated_gradients_T12A3,lag_channel,18,lag_18|ret,0.0020643327050046617
integrated_gradients_T12A3,lag_channel,18,lag_18|vol_10,0.010210968099604244
integrated_gradients_T12A3,lag_channel,18,lag_18|mom_5,0.0005747355404058097
integrated_gradients_T12A3,lag_channel,18,lag_18|mom_20,0.0025097150552139983
integrated_gradients_T12A3,lag_channel,18,lag_18|px_ma20,0.0031102317576715043
integrated_gradients_T12A3,lag_channel,18,lag_18|px_ma50,0.002074653398642883
integrated_gradients_T12A3,lag_channel,19,lag_19|ret,0.0024940182171472
integrated_gradients_T12A3,lag_channel,19,lag_19|vol_10,0.012326104002762177
integrated_gradients_T12A3,lag_channel,19,lag_19|mom_5,0.0007373377566546387
integrated_gradients_T12A3,lag_channel,19,lag_19|mom_20,0.0030034004972877104
integrated_gradients_T12A3,lag_channel,19,lag_19|px_ma20,0.0038006157151755722
integrated_gradients_T12A3,lag_channel,19,lag_19|px_ma50,0.002481404930826001
integrated_gradients_T12A3,lag_channel,20,lag_20|ret,0.0031175503630351416
integrated_gradients_T12A3,lag_channel,20,lag_20|vol_10,0.014971519591391529
integrated_gradients_T12A3,lag_channel,20,lag_20|mom_5,0.0009840369793769242
integrated_gradients_T12A3,lag_channel,20,lag_20|mom_20,0.003555876908907034
integrated_gradients_T12A3,lag_channel,20,lag_20|px_ma20,0.004625568591182455
integrated_gradients_T12A3,lag_channel,20,lag_20|px_ma50,0.0029346288511415755
integrated_gradients_T12A3,lag_channel,21,lag_21|ret,0.004037775853254104
integrated_gradients_T12A3,lag_channel,21,lag_21|vol_10,0.01830367237742007
integrated_gradients_T12A3,lag_channel,21,lag_21|mom_5,0.0013570673964365062
integrated_gradients_T12A3,lag_channel,21,lag_21|mom_20,0.004224468811563662
integrated_gradients_T12A3,lag_channel,21,lag_21|px_ma20,0.005633851145341025
integrated_gradients_T12A3,lag_channel,21,lag_21|px_ma50,0.003521961656150552
integrated_gradients_T12A3,lag_channel,22,lag_22|ret,0.005153851195056576
integrated_gradients_T12A3,lag_channel,22,lag_22|vol_10,0.022319988029138
integrated_gradients_T12A3,lag_channel,22,lag_22|mom_5,0.0019285354778743168
integrated_gradients_T12A3,lag_channel,22,lag_22|mom_20,0.004772960085214469
integrated_gradients_T12A3,lag_channel,22,lag_22|px_ma20,0.006854249337930904
integrated_gradients_T12A3,lag_channel,22,lag_22|px_ma50,0.003959802839102657
integrated_gradients_T12A3,lag_channel,23,lag_23|ret,0.006770871044823886
integrated_gradients_T12A3,lag_channel,23,lag_23|vol_10,0.02732174807384487
integrated_gradients_T12A3,lag_channel,23,lag_23|mom_5,0.002803551014194128
integrated_gradients_T12A3,lag_channel,23,lag_23|mom_20,0.0053107242912027695
integrated_gradients_T12A3,lag_channel,23,lag_23|px_ma20,0.008230881407023431
integrated_gradients_T12A3,lag_channel,23,lag_23|px_ma50,0.004503820927936222
integrated_gradients_T12A3,lag_channel,24,lag_24|ret,0.008952382439219808
integrated_gradients_T12A3,lag_channel,24,lag_24|vol_10,0.033276463612074744
integrated_gradients_T12A3,lag_channel,24,lag_24|mom_5,0.00424281263193397
integrated_gradients_T12A3,lag_channel,24,lag_24|mom_20,0.005806732087278503
integrated_gradients_T12A3,lag_channel,24,lag_24|px_ma20,0.009784509868922034
integrated_gradients_T12A3,lag_channel,24,lag_24|px_ma50,0.005040991566920318
integrated_gradients_T12A3,lag_channel,25,lag_25|ret,0.012166033398036095
integrated_gradients_T12A3,lag_channel,25,lag_25|vol_10,0.040532729035721006
integrated_gradients_T12A3,lag_channel,25,lag_25|mom_5,0.006789911986167049
integrated_gradients_T12A3,lag_channel,25,lag_25|mom_20,0.006286293848394803
integrated_gradients_T12A3,lag_channel,25,lag_25|px_ma20,0.011386887339681647
integrated_gradients_T12A3,lag_channel,25,lag_25|px_ma50,0.0056307015479292125
integrated_gradients_T12A3,lag_channel,26,lag_26|ret,0.015669232370793904
integrated_gradients_T12A3,lag_channel,26,lag_26|vol_10,0.048915453167744254
integrated_gradients_T12A3,lag_channel,26,lag_26|mom_5,0.010223793050235281
integrated_gradients_T12A3,lag_channel,26,lag_26|mom_20,0.006688132057347344
integrated_gradients_T12A3,lag_channel,26,lag_26|px_ma20,0.01288555889513277
integrated_gradients_T12A3,lag_channel,26,lag_26|px_ma50,0.005853453077786479
integrated_gradients_T12A3,lag_channel,27,lag_27|ret,0.0205941644703944
integrated_gradients_T12A3,lag_channel,27,lag_27|vol_10,0.05837366086837128
integrated_gradients_T12A3,lag_channel,27,lag_27|mom_5,0.015758057230785726
integrated_gradients_T12A3,lag_channel,27,lag_27|mom_20,0.007672984301566613
integrated_gradients_T12A3,lag_channel,27,lag_27|px_ma20,0.013388370411056387
integrated_gradients_T12A3,lag_channel,27,lag_27|px_ma50,0.006418675756277712
integrated_gradients_T12A3,lag_channel,28,lag_28|ret,0.025695406007978476
integrated_gradients_T12A3,lag_channel,28,lag_28|vol_10,0.06834739696330376
integrated_gradients_T12A3,lag_channel,28,lag_28|mom_5,0.02308610899643912
integrated_gradients_T12A3,lag_channel,28,lag_28|mom_20,0.010144188276054624
integrated_gradients_T12A3,lag_channel,28,lag_28|px_ma20,0.012585435621782722
integrated_gradients_T12A3,lag_channel,28,lag_28|px_ma50,0.007440418777708397
integrated_gradients_T12A3,lag_channel,29,lag_29|ret,0.029712227421375904
integrated_gradients_T12A3,lag_channel,29,lag_29|vol_10,0.07846752782912628
integrated_gradients_T12A3,lag_channel,29,lag_29|mom_5,0.036122434508584225
integrated_gradients_T12A3,lag_channel,29,lag_29|mom_20,0.01615145936683013
integrated_gradients_T12A3,lag_channel,29,lag_29|px_ma20,0.01372606751134555
integrated_gradients_T12A3,lag_channel,29,lag_29|px_ma50,0.015298962325620646
