date,profile,w_SPY,w_QQQ,w_EFA,w_EEM,w_AGG,w_IEF,w_GLD,w_VNQ,d_SPY,d_QQQ,d_EFA,d_EEM,d_AGG,d_IEF,d_GLD,d_VNQ,max_abs_rc_minus_budget
2012-02-01,conservative,0.08735670359725001,0.06583854788851363,0.021951997221542854,0.018370476895391164,0.4199382713551853,0.31513188186509095,0.044362522668833816,0.027049598508192347,0.00820697055438446,0.009419778044405665,0.013635447929159888,0.01449650488306448,0.0021357842029363296,0.004355177295666957,0.009613268508593589,0.012217967276082237,1.1887445194869173e-09
2012-02-01,balanced,0.1027326723005287,0.08233410631397876,0.031843767484590904,0.027882684021626008,0.33575238546033254,0.34685366414976265,0.049588588522041746,0.023012131747138828,0.00820697055438446,0.009419778044405665,0.013635447929159888,0.01449650488306448,0.0021357842029363296,0.004355177295666957,0.009613268508593589,0.012217967276082237,5.296572624935436e-10
2012-02-01,growth,0.12127744504588395,0.09917550068559546,0.03756326900892207,0.033393989095437525,0.22022519788491673,0.4085578721180936,0.05683677767233093,0.022969948488819787,0.00820697055438446,0.009419778044405665,0.013635447929159888,0.01449650488306448,0.0021357842029363296,0.004355177295666957,0.009613268508593589,0.012217967276082237,2.7464546609179408e-09
2020-03-02,conservative,0.053598029870698845,0.0456337624428347,0.026555000558265623,0.027768933027637346,0.4697576553507655,0.3163663082170718,0.03962668162822431,0.020693628904501816,0.013427079431338525,0.01527444098729391,0.011964201516511484,0.014006062726985439,0.0020689318258995037,0.003826147049234124,0.010324238482591544,0.015583168420652879,2.5324392582959376e-10
2020-03-02,balanced,0.06951253139201478,0.06042653298500633,0.041640655127782006,0.04109669010980046,0.39270824696788903,0.316102734688029,0.056529963530561084,0.021982645198917357,0.013427079431338525,0.01527444098729391,0.011964201516511484,0.014006062726985439,0.0020689318258995037,0.003826147049234124,0.010324238482591544,0.015583168420652879,3.0358908442718047e-09
2020-03-02,growth,0.08938516456275881,0.07848404971421556,0.05325708327571195,0.05174979135015973,0.290602517370591,0.32967293740687786,0.08125049988608807,0.025597956433596997,0.013427079431338525,0.01527444098729391,0.011964201516511484,0.014006062726985439,0.0020689318258995037,0.003826147049234124,0.010324238482591544,0.015583168420652879,1.8037627780298493e-09
2022-06-01,conservative,0.05539615575177657,0.041740771193620206,0.029408611217663715,0.02819476153590519,0.4251265978252302,0.29861541685483356,0.0879043134157841,0.03361337220518649,0.014883665559557582,0.01935194431415807,0.013447185989234127,0.01502708989361034,0.00296969090344641,0.004880609733227298,0.008848046483157644,0.015080016508985598,1.1312671632790483e-09
2022-06-01,balanced,0.08133750128361827,0.06267911631155736,0.05054494582849013,0.04908479730999394,0.33756977790724507,0.26569848533448875,0.11885100245302942,0.034234373571577076,0.014883665559557582,0.01935194431415807,0.013447185989234127,0.01502708989361034,0.00296969090344641,0.004880609733227298,0.008848046483157644,0.015080016508985598,6.841426314352361e-10
2022-06-01,growth,0.11191177117272431,0.08742789552392309,0.06791083973136747,0.06675312733807537,0.23781912243353137,0.22452466906795787,0.16412751664716208,0.03952505808525855,0.014883665559557582,0.01935194431415807,0.013447185989234127,0.01502708989361034,0.00296969090344641,0.004880609733227298,0.008848046483157644,0.015080016508985598,2.4986969021645322e-09
2024-12-02,conservative,0.09328904614997659,0.08014589812849798,0.029250880085469555,0.02765514117827076,0.3794946673249417,0.2997651828284153,0.05035604400441044,0.04004314030001774,0.008295212531746234,0.010827919422911062,0.009458525805633021,0.011491848673824977,0.003186394614814109,0.004318576239056208,0.011222148510746342,0.010698245324297698,2.384915043229796e-10
2024-12-02,balanced,0.14109534938031104,0.11734152046106551,0.060453491106364984,0.05533039347054884,0.28323468605737295,0.23508534268634776,0.05838695772086517,0.04907225911712361,0.008295212531746234,0.010827919422911062,0.009458525805633021,0.011491848673824977,0.003186394614814109,0.004318576239056208,0.011222148510746342,0.010698245324297698,5.863748514522982e-10
2024-12-02,growth,0.19414151710479524,0.15891573151024216,0.0881902170099447,0.07932866302851825,0.18196867073822817,0.16115491721752298,0.0724882311928103,0.06381205219793815,0.008295212531746234,0.010827919422911062,0.009458525805633021,0.011491848673824977,0.003186394614814109,0.004318576239056208,0.011222148510746342,0.010698245324297698,2.507630852965903e-09
