portfolio,allocator_id,profile,n_days,years,cumulative_return,max_drawdown,ann_return,ann_vol,sharpe,sortino,mean_turnover,n_rebalances_counted,total_cost,cost_drag_bps_per_year
one_over_n,one_over_n,,3269.0,12.972222222222221,1.553277745151624,-0.23892434351586278,0.07493521721980345,0.10669076989423212,0.7308944610522514,1.0205515900873092,0.023765274814134478,155.0,0.0036836175961908447,2.839619560232771
static_bucket:conservative,static_bucket,conservative,3269.0,12.972222222222221,0.9906331891102027,-0.2076605336958366,0.05450483484272417,0.06753739461596177,0.8197015444806102,1.1486696394215532,0.01911194416438869,155.0,0.002962351345480246,2.2836113155736375
static_bucket:balanced,static_bucket,balanced,3269.0,12.972222222222221,1.7661971394996892,-0.23916930030001082,0.08159282030066684,0.1018118524719209,0.8215376531468734,1.1521894876008278,0.022280736192507693,155.0,0.003453514109838693,2.662237857691498
static_bucket:growth,static_bucket,growth,3269.0,12.972222222222221,3.048313037345321,-0.272113729276776,0.11381591726448548,0.1438076487363074,0.8218809039775274,1.1521979863973653,0.018857563873148766,155.0,0.0029229224003380593,2.253216411395506
rb_classical:conservative,rb_classical,conservative,3269.0,12.972222222222221,0.643602946126355,-0.18976157887038214,0.03904727548574294,0.055370165529594756,0.719542925169891,1.0079617372517753,0.15073469678608514,155.0,0.023363878001843197,18.01069824553223
rb_classical:balanced,rb_classical,balanced,3269.0,12.972222222222221,0.8650241073989546,-0.2001108333630104,0.04921977485280338,0.06301292728501999,0.7940905046727764,1.1214721742814577,0.17597394900151314,155.0,0.027275962095234536,21.026437589474163
rb_classical:growth,rb_classical,growth,3269.0,12.972222222222221,1.1351671072298966,-0.21280346417563978,0.06021800746481665,0.07352453530718635,0.8321816304859636,1.1804725542483117,0.19335983668361845,155.0,0.029970774685960856,23.103809179755693
rb_advisor:conservative,rb_advisor,conservative,3269.0,12.972222222222221,0.6486903179353327,-0.1902788687711955,0.03929484545846185,0.05439091278722418,0.735894470799716,1.0281773694327314,0.07009134840166771,155.0,0.010864159002258494,8.374940558486205
rb_advisor:balanced,rb_advisor,balanced,3269.0,12.972222222222221,0.8837577877134244,-0.19957979274579807,0.050028472061540485,0.06163568929214286,0.8229494002985451,1.1589801081702436,0.0837619087676481,155.0,0.012983095858985454,10.008382246755382
rb_advisor:growth,rb_advisor,growth,3269.0,12.972222222222221,1.1835965336695202,-0.21345615301573118,0.0620526623350528,0.07259897121932789,0.8656860147518857,1.2255675222900437,0.0955602058792468,155.0,0.014811831911283253,11.418114535464607
