window,window_start,window_end,portfolio,allocator_id,profile,n_days,years,cumulative_return,max_drawdown,ann_return,ann_vol,sharpe,sortino,mean_turnover,n_rebalances_counted,total_cost,cost_drag_bps_per_year
COVID crash,2020-02-03,2020-03-31,one_over_n,one_over_n,,40.0,0.15873015873015872,-0.11812576909445616,-0.2127946974944076,,,,,,0.0,,
COVID crash,2020-02-03,2020-03-31,static_bucket:conservative,static_bucket,conservative,40.0,0.15873015873015872,-0.046019780006694044,-0.12601869099794816,,,,,,0.0,,
COVID crash,2020-02-03,2020-03-31,static_bucket:balanced,static_bucket,balanced,40.0,0.15873015873015872,-0.10207441846676957,-0.19286582831162669,,,,,,0.0,,
COVID crash,2020-02-03,2020-03-31,static_bucket:growth,static_bucket,growth,40.0,0.15873015873015872,-0.155138826070927,-0.272113729276776,,,,,,0.0,,
COVID crash,2020-02-03,2020-03-31,rb_classical:conservative,rb_classical,conservative,40.0,0.15873015873015872,-0.00637294974309488,-0.09352608163042775,,,,,,0.0,,
COVID crash,2020-02-03,2020-03-31,rb_classical:balanced,rb_classical,balanced,40.0,0.15873015873015872,-0.01898900830339656,-0.09954897399597418,,,,,,0.0,,
COVID crash,2020-02-03,2020-03-31,rb_classical:growth,rb_classical,growth,40.0,0.15873015873015872,-0.03171556383914986,-0.11115540083147457,,,,,,0.0,,
COVID crash,2020-02-03,2020-03-31,rb_advisor:conservative,rb_advisor,conservative,40.0,0.15873015873015872,-0.01116600931180789,-0.09662737201017202,,,,,,0.0,,
COVID crash,2020-02-03,2020-03-31,rb_advisor:balanced,rb_advisor,balanced,40.0,0.15873015873015872,-0.024728635405576682,-0.10318556441408977,,,,,,0.0,,
COVID crash,2020-02-03,2020-03-31,rb_advisor:growth,rb_advisor,growth,40.0,0.15873015873015872,-0.03845099948245856,-0.11864907348454856,,,,,,0.0,,
2022 drawdown,2022-01-03,2022-12-30,one_over_n,one_over_n,,250.0,0.9920634920634921,-0.17431284897764143,-0.23733595428875753,-0.17557709262368437,0.15894364770579653,-1.135206608960084,-1.5835356152358961,0.028717646052235268,11.0,0.0003158941065745879,3.184212594271846
2022 drawdown,2022-01-03,2022-12-30,static_bucket:conservative,static_bucket,conservative,250.0,0.9920634920634921,-0.1618056515009194,-0.20300392726298322,-0.162988382136802,0.11561700434816012,-1.4807963567145286,-2.017690476908757,0.024332490444312096,11.0,0.0002676573948874331,2.6979865404653256
2022 drawdown,2022-01-03,2022-12-30,static_bucket:balanced,static_bucket,balanced,250.0,0.9920634920634921,-0.18555298391531616,-0.2368137948649215,-0.18688918193041537,0.15932502188587974,-1.218731161358966,-1.6848447015285386,0.02811988442358347,11.0,0.0003093187286594182,3.1179327848869356
2022 drawdown,2022-01-03,2022-12-30,static_bucket:growth,static_bucket,growth,250.0,0.9920634920634921,-0.2143187902923157,-0.27100124855459595,-0.21583340507160387,0.2150161775935946,-1.023210718649366,-1.4168291080665354,0.023476356670371398,11.0,0.0002582399233740854,2.603058427610781
2022 drawdown,2022-01-03,2022-12-30,rb_classical:conservative,rb_classical,conservative,250.0,0.9920634920634921,-0.14176787299592342,-0.18484361441297537,-0.142816888201594,0.10028322886436165,-1.4863307971235946,-2.025496047154648,0.11713372531666559,11.0,0.0012884709784833216,12.987787463111882
2022 drawdown,2022-01-03,2022-12-30,rb_classical:balanced,rb_classical,balanced,250.0,0.9920634920634921,-0.14746057417878145,-0.1964440728672323,-0.1485479647557446,0.11487242700843985,-1.342348767037228,-1.8573839512763353,0.14222499477926734,11.0,0.001564474942571941,15.769907421125165
2022 drawdown,2022-01-03,2022-12-30,rb_classical:growth,rb_classical,growth,250.0,0.9920634920634921,-0.15377991085607434,-0.21036657710002993,-0.15490954241822263,0.13368867135983473,-1.192096595232206,-1.6688926757016664,0.15900185398195957,11.0,0.0017490203938015558,17.63012556951968
2022 drawdown,2022-01-03,2022-12-30,rb_advisor:conservative,rb_advisor,conservative,250.0,0.9920634920634921,-0.14299338815872076,-0.18448107564038163,-0.14405069050708375,0.09740047115418149,-1.5480098782407767,-2.098555296859003,0.06151694904645902,11.0,0.0006766864395110492,6.820999310271375
2022 drawdown,2022-01-03,2022-12-30,rb_advisor:balanced,rb_advisor,balanced,250.0,0.9920634920634921,-0.14942638705932987,-0.19529229644660318,-0.15052695847337105,0.11112214132210425,-1.412371251601439,-1.9443479344672265,0.07995077220191438,11.0,0.0008794584942210581,8.864941621748267
2022 drawdown,2022-01-03,2022-12-30,rb_advisor:growth,rb_advisor,growth,250.0,0.9920634920634921,-0.15682617077763172,-0.2104416357925668,-0.1579760291815131,0.1309395611816555,-1.2476302872330938,-1.74042492896814,0.09527135770702405,11.0,0.0010479849347772646,10.563688142554827
2023–24,2023-01-03,2024-12-31,one_over_n,one_over_n,,501.0,1.9880952380952381,0.30276126260142533,-0.0851694107041725,0.14228986862538662,0.09434109357229753,1.4575975145445155,2.176153063879326,0.0203680524573886,23.0,0.0004684652065199378,2.3563519369865134
2023–24,2023-01-03,2024-12-31,static_bucket:conservative,static_bucket,conservative,501.0,1.9880952380952381,0.20382194161478795,-0.07480261908770602,0.0977977384057458,0.0732726957918533,1.3101978564994046,1.9605331437803997,0.01590245613477154,23.0,0.00036575649109974536,1.8397332486454259
2023–24,2023-01-03,2024-12-31,static_bucket:balanced,static_bucket,balanced,501.0,1.9880952380952381,0.3201538467017295,-0.08413729793764702,0.14993534820985643,0.09058505214565608,1.5878864993084565,2.396422504415672,0.01882631816320807,23.0,0.0004330053177537856,2.1779908198394007
2023–24,2023-01-03,2024-12-31,static_bucket:growth,static_bucket,growth,501.0,1.9880952380952381,0.47473605440172695,-0.0969153522182824,0.2158003991885038,0.11773165832869383,1.7191378602974356,2.5831989762003125,0.017446709852825277,23.0,0.00040127432661498134,2.018385834470565
2023–24,2023-01-03,2024-12-31,rb_classical:conservative,rb_classical,conservative,501.0,1.9880952380952381,0.18437315663138065,-0.07202351541690788,0.08884059316825565,0.07138200702689888,1.228173800541066,1.8400306866783174,0.12658244701905322,23.0,0.002911396281438225,14.644148960527597
2023–24,2023-01-03,2024-12-31,rb_classical:balanced,rb_classical,balanced,501.0,1.9880952380952381,0.25720024350991655,-0.07525862948529527,0.12201805738105564,0.07970767579916006,1.484485470025235,2.231247345832861,0.14693237710753343,23.0,0.003379444673473269,16.998404345614045
2023–24,2023-01-03,2024-12-31,rb_classical:growth,rb_classical,growth,501.0,1.9880952380952381,0.33984289988792504,-0.07995553260038557,0.15853014977998647,0.09221863837436657,1.6421726210711765,2.472128807994915,0.15146294588996995,23.0,0.0034836477554693085,17.522539608348616
2023–24,2023-01-03,2024-12-31,rb_advisor:conservative,rb_advisor,conservative,501.0,1.9880952380952381,0.16909404698824604,-0.07089588330554386,0.0817523980172008,0.06970086014303901,1.162366524047902,1.7383479885577398,0.06323291985851147,23.0,0.001454357156745764,7.315329411176298
2023–24,2023-01-03,2024-12-31,rb_advisor:balanced,rb_advisor,balanced,501.0,1.9880952380952381,0.23982013720626028,-0.07416079193036162,0.11418898324075322,0.07638368605299883,1.4539844528833772,2.1842698635041384,0.07372194832104229,23.0,0.0016956048113839727,8.528790668039145
2023–24,2023-01-03,2024-12-31,rb_advisor:growth,rb_advisor,growth,501.0,1.9880952380952381,0.3253295640578304,-0.07951660762843848,0.1522008256773244,0.08894640833455038,1.6376326959095662,2.4658022645389384,0.07756799161126858,23.0,0.001784063807059177,8.973734119339573
